name,T,Rdisk,Vflat,Qual,pointer_chi2,pointer_aic,pointer_bic,pointer_k,pointer_n,nfw_chi2,nfw_aic,nfw_bic,nfw_k,nfw_n,burkert_chi2,burkert_aic,burkert_bic,burkert_k,burkert_n,pointer_r_mem,pointer_r_ratio,pointer_alpha,cv_pointer_train,cv_pointer_test
CamB,10,0.470,0.0,2,0.6438,13.93,15.11,6,9,5.6711,36.36,37.14,4,9,1.2480,14.24,15.03,4,9,200.000,425.532,5.000,21.424,8.647
D564-8,10,0.610,0.0,2,0.0880,12.09,10.84,6,6,1.4261,10.85,10.02,4,6,0.0684,8.14,7.30,4,6,1.011,1.658,5.000,8.639,8.109
D631-7,10,0.700,57.7,1,0.3222,15.22,19.86,6,16,5.1091,69.31,72.40,4,16,0.4943,13.93,17.02,4,16,2.449,3.499,5.000,23.711,88.217
DDO064,10,0.690,46.1,1,0.4676,15.74,19.57,6,14,0.6642,14.64,17.20,4,14,0.3973,11.97,14.53,4,14,0.807,1.170,5.000,8.131,9.303
DDO154,10,0.370,47.0,2,0.8425,17.06,19.96,6,12,10.7026,93.62,95.56,4,12,1.2789,18.23,20.17,4,12,1.366,3.692,5.000,179.130,71.550
DDO161,10,1.220,66.3,1,0.2186,17.47,26.07,6,31,0.6900,26.63,32.37,4,31,0.2831,15.64,21.38,4,31,3.683,3.019,5.000,213.992,631.213
DDO168,10,1.020,53.4,2,5.5412,34.16,35.98,6,10,13.2230,87.34,88.55,4,10,5.1305,38.78,39.99,4,10,1.376,1.349,5.000,125.997,162.356
DDO170,10,1.950,60.0,2,7.1176,26.24,26.71,6,8,3.1423,20.57,20.89,4,8,2.4796,17.92,18.24,4,8,3.724,1.910,0.000,11.207,7.332
ESO079-G014,4,5.080,175.0,1,0.8355,19.52,23.77,6,15,4.1606,53.77,56.60,4,15,1.0306,19.34,22.17,4,15,4.036,0.794,1.470,31.862,15.581
ESO116-G012,7,1.510,109.1,1,0.8759,19.88,24.13,6,15,2.7272,38.00,40.83,4,15,0.8674,17.54,20.37,4,15,2.216,1.467,5.000,107.767,77.388
ESO444-G084,10,0.460,0.0,2,3.5893,15.59,15.26,6,7,1.0291,11.09,10.87,4,7,1.3020,11.91,11.69,4,7,1.290,2.804,0.000,41.663,912.751
ESO563-G021,4,5.450,314.6,1,7.0808,181.94,190.35,6,30,18.5208,489.54,495.14,4,30,7.9930,215.82,221.42,4,30,4.834,0.887,5.000,48.921,43.951
F561-1,9,2.790,50.0,3,0.0675,12.07,10.82,6,6,0.6006,9.20,8.37,4,6,0.2558,8.51,7.68,4,6,1.415,0.507,5.000,0.066,0.157
F563-1,9,3.520,109.9,1,1.0853,23.94,28.94,6,17,1.2322,24.02,27.35,4,17,0.6197,16.06,19.39,4,17,3.737,1.062,0.000,3.688,2.985
F563-V1,10,3.790,0.0,3,0.4084,12.41,11.16,6,6,0.3863,8.77,7.94,4,6,0.3596,8.72,7.89,4,6,1.103,0.291,5.000,0.020,0.589
F563-V2,10,2.430,116.6,1,0.0806,12.32,14.14,6,10,1.1673,15.00,16.21,4,10,0.1835,9.10,10.31,4,10,1.513,0.623,5.000,13.900,196.088
F565-V2,10,2.170,0.0,2,0.1528,12.15,11.83,6,7,0.6193,9.86,9.64,4,7,0.0786,8.24,8.02,4,7,2.669,1.230,5.000,6.510,67.924
F567-2,9,3.080,0.0,3,0.5720,12.57,10.23,6,5,1.2760,9.28,7.71,4,5,1.0352,9.04,7.47,4,5,1.347,0.437,5.000,0.222,0.611
F568-1,5,5.180,0.0,1,0.1411,12.85,15.76,6,12,1.0111,16.09,18.03,4,12,0.0844,8.68,10.61,4,12,2.414,0.466,1.661,1.130,9.276
F568-3,7,4.990,0.0,1,0.8425,22.11,27.45,6,18,3.7007,59.81,63.37,4,18,1.0664,22.93,26.49,4,18,2.820,0.565,5.000,5.622,105.843
F568-V1,7,2.850,112.3,1,0.2228,14.00,18.25,6,15,0.2064,10.27,13.10,4,15,0.0602,8.66,11.49,4,15,2.576,0.904,0.000,3.975,2.406
F571-8,5,3.560,139.7,1,0.3564,14.49,17.88,6,13,3.6879,41.19,43.45,4,13,0.3031,10.73,12.99,4,13,4.318,1.213,0.000,72.314,767.213
F571-V1,7,2.470,83.6,2,0.1196,12.12,11.80,6,7,0.5307,9.59,9.38,4,7,0.0412,8.12,7.91,4,7,3.434,1.390,5.000,3.574,61.731
F574-1,7,4.460,97.8,1,0.2630,14.10,17.94,6,14,1.8082,26.08,28.64,4,14,0.0562,8.56,11.12,4,14,2.715,0.609,0.000,41.948,311.868
F574-2,9,3.760,0.0,3,0.0423,12.04,9.70,6,5,0.0977,8.10,6.54,4,5,0.0364,8.04,6.47,4,5,2.620,0.697,0.040,0.008,0.216
F579-V1,5,3.370,112.1,1,0.6552,17.24,21.08,6,14,0.2252,10.25,12.81,4,14,0.1716,9.72,12.27,4,14,1.089,0.323,0.000,2.611,1.125
F583-1,9,2.360,85.8,1,0.1465,14.78,22.10,6,25,1.6763,43.20,48.08,4,25,0.1835,11.85,16.73,4,25,2.872,1.217,0.613,18.462,60.484
F583-4,5,1.930,0.0,1,0.3532,14.12,17.03,6,12,0.1442,9.15,11.09,4,12,0.2691,10.15,12.09,4,12,9.328,4.833,0.000,2.149,0.915
IC2574,9,2.780,66.4,2,2.4236,79.86,89.02,6,34,37.4438,1131.31,1137.42,4,34,2.3186,77.56,83.66,4,34,12.069,4.342,0.000,2.739,24.566
IC4202,4,4.780,242.6,1,5.8455,163.98,172.78,6,32,17.2568,491.19,497.05,4,32,2.9063,89.38,95.24,4,32,3.419,0.715,0.000,12.220,193.295
KK98-251,10,1.340,33.7,2,0.3216,14.89,19.14,6,15,2.0106,30.12,32.95,4,15,0.3408,11.75,14.58,4,15,1.137,0.849,5.000,13.791,7.729
NGC0024,5,1.340,106.3,1,1.3961,44.11,52.31,6,29,0.4817,20.04,25.51,4,29,0.7070,25.67,31.14,4,29,2.682,2.001,0.000,32.566,9446.073
NGC0055,9,6.110,85.6,2,0.1528,14.29,20.56,6,21,2.0886,43.51,47.68,4,21,0.1873,11.18,15.36,4,21,2.973,0.487,5.000,13.070,45.789
NGC0100,6,1.660,88.1,1,0.1150,13.73,19.99,6,21,0.8509,22.47,26.64,4,21,0.0885,9.50,13.68,4,21,2.874,1.731,5.000,11.637,20.223
NGC0247,7,3.740,104.9,2,4.5954,103.91,111.46,6,26,1.7252,45.96,50.99,4,26,3.5877,86.93,91.96,4,26,2.786,0.745,0.000,13.518,10.834
NGC0289,4,6.740,163.0,2,2.1493,59.28,67.28,6,28,1.9960,55.90,61.23,4,28,2.0807,57.94,63.27,4,28,14.064,2.087,0.000,60.052,2309.720
NGC0300,7,1.750,93.3,2,0.5357,22.18,29.49,6,25,0.7074,22.85,27.73,4,25,0.4734,17.94,22.82,4,25,4.324,2.471,0.000,24.029,816.574
NGC0801,5,8.720,220.1,1,8.0850,68.60,71.98,6,13,6.0212,62.19,64.45,4,13,6.3058,64.75,67.01,4,13,26.703,3.062,0.000,53.769,566.668
NGC0891,3,2.550,216.1,1,0.6454,19.75,25.09,6,18,2.1044,37.46,41.02,4,18,1.0133,22.19,25.75,4,18,3.147,1.234,0.000,49.667,2700.678
NGC1003,6,1.610,109.8,1,3.1890,107.67,117.17,6,36,2.3810,84.19,90.52,4,36,2.8888,100.44,106.77,4,36,9.893,6.145,0.000,93.933,45987.744
NGC1090,4,3.530,164.4,1,2.9150,64.47,71.54,6,24,2.6385,60.77,65.48,4,24,0.9408,26.82,31.53,4,24,8.820,2.499,0.000,40.715,4218.963
NGC1705,11,0.390,71.9,3,0.3723,14.98,18.81,6,14,0.0782,8.78,11.34,4,14,0.1593,9.59,12.15,4,14,1.142,2.928,0.000,22.864,2223.931
NGC2366,10,0.650,50.2,3,0.2395,16.79,24.34,6,26,3.1301,76.86,81.89,4,26,0.5502,20.10,25.14,4,26,1.025,1.577,5.000,25.356,263.735
NGC2403,6,1.390,131.2,1,14.9465,1013.41,1027.16,6,73,9.2705,647.66,656.83,4,73,11.5998,808.38,817.55,4,73,4.426,3.184,0.000,59.356,71.336
NGC2683,3,2.180,154.0,2,1.6214,20.11,22.49,6,11,0.9244,14.47,16.06,4,11,0.8738,14.12,15.71,4,11,5.694,2.612,0.000,30.832,10.015
NGC2841,3,3.640,284.8,1,2.1124,104.95,116.42,6,50,1.3815,71.55,79.20,4,50,1.7004,86.22,93.87,4,50,18.650,5.124,0.000,65.903,52641.458
NGC2903,4,2.330,184.6,1,9.1804,269.05,278.21,6,34,6.1525,192.58,198.68,4,34,6.1071,191.21,197.32,4,34,4.568,1.961,0.000,10.886,339.332
NGC2915,11,0.550,83.5,2,0.6389,27.33,35.74,6,30,0.7199,26.72,32.32,4,30,0.3568,17.28,22.88,4,30,1.657,3.013,0.000,11.686,96.174
NGC2955,3,18.760,0.0,1,2.4374,55.87,62.94,6,24,3.1777,71.55,76.27,4,24,3.0076,68.15,72.86,4,24,4.910,0.262,5.000,6.437,22.970
NGC2976,5,1.010,85.4,2,0.3229,18.78,26.56,6,27,0.8754,28.13,33.32,4,27,0.3248,15.47,20.65,4,27,1.203,1.191,5.000,0.847,9.186
NGC2998,5,6.200,209.9,1,3.5523,36.87,40.26,6,13,1.6383,22.74,25.00,4,13,3.1238,36.11,38.37,4,13,11.392,1.837,5.000,84.243,69.110
NGC3109,9,1.560,66.2,1,0.2000,15.80,23.11,6,25,9.5652,208.87,213.74,4,25,0.1887,11.96,16.84,4,25,2.642,1.694,2.950,59.192,333.974
NGC3198,5,3.140,150.1,1,2.5150,105.05,115.62,6,43,1.4223,63.47,70.52,4,43,1.4401,64.16,71.21,4,43,9.006,2.868,0.000,7.776,144.873
NGC3521,4,2.400,213.7,1,0.1771,18.20,28.48,6,41,0.2457,17.09,23.94,4,41,0.1930,15.14,21.99,4,41,5.983,2.493,5.000,3.144,75.535
NGC3726,5,3.400,168.0,2,2.8915,29.35,32.26,6,12,2.4569,27.66,29.59,4,12,2.1803,25.44,27.38,4,12,30.240,8.894,0.000,16.962,7.112
NGC3741,10,0.200,50.1,1,0.5354,20.03,26.30,6,21,0.3826,14.50,18.68,4,21,0.4759,16.09,20.27,4,21,2.239,11.193,0.000,38.755,751.452
NGC3769,3,3.380,118.6,2,1.7600,22.56,25.47,6,12,0.5327,12.26,14.20,4,12,0.6352,13.08,15.02,4,12,5.928,1.754,0.000,8.044,3.199
NGC3877,5,2.530,168.4,2,1.1709,20.20,23.59,6,13,4.3756,47.38,49.64,4,13,1.1516,18.36,20.62,4,13,1.970,0.778,5.000,5.083,4.800
NGC3893,5,2.380,174.0,1,0.6026,14.41,16.23,6,10,0.6204,11.72,12.93,4,10,0.2305,9.38,10.59,4,10,3.599,1.512,0.000,18.913,216.342
NGC3917,6,2.630,135.9,1,0.7364,20.10,25.10,6,17,3.0663,47.86,51.20,4,17,1.1110,22.44,25.78,4,17,2.678,1.018,5.000,8.615,9.162
NGC3949,4,3.590,163.0,2,1.3749,13.37,13.05,6,7,0.1930,8.58,8.36,4,7,0.5355,9.61,9.39,4,7,200.000,55.710,5.000,2.549,3.520
NGC3953,4,4.890,220.8,1,1.7645,15.53,16.01,6,8,0.3389,9.36,9.67,4,8,0.0733,8.29,8.61,4,8,200.000,40.900,5.000,1.812,1.044
NGC3972,4,2.180,132.7,1,1.3745,17.50,19.31,6,10,1.3872,16.32,17.53,4,10,0.5982,11.59,12.80,4,10,2.447,1.122,0.000,21.776,5.180
NGC3992,4,4.960,241.0,1,2.0916,18.27,19.46,6,9,0.5741,10.87,11.66,4,9,0.6592,11.30,12.08,4,9,19.821,3.996,5.000,37.072,198.460
NGC4010,7,2.810,125.8,2,1.5953,21.57,24.48,6,12,2.6050,28.84,30.78,4,12,1.5031,20.02,21.96,4,12,2.424,0.863,5.000,8.852,53.620
NGC4013,3,3.530,172.9,2,0.8011,36.03,45.53,6,36,0.7239,31.16,37.50,4,36,0.7564,32.20,38.54,4,36,15.653,4.434,0.000,19.676,3404.176
NGC4051,4,4.650,157.0,2,1.4329,13.43,13.11,6,7,1.0730,11.22,11.00,4,7,0.7399,10.22,10.00,4,7,1.818,0.391,5.000,0.677,28.378
NGC4068,10,0.590,0.0,2,0.2532,12.25,11.00,6,6,2.9975,14.00,13.16,4,6,0.1903,8.38,7.55,4,6,1.028,1.743,5.000,6.832,5.001
NGC4085,5,1.650,131.5,2,2.1771,14.18,13.85,6,7,5.3647,24.09,23.88,4,7,1.6190,12.86,12.64,4,7,1.431,0.868,5.000,12.296,59.087
NGC4088,4,2.580,171.7,1,0.7336,16.40,19.31,6,12,0.5228,12.18,14.12,4,12,0.5531,12.42,14.36,4,12,30.845,11.955,0.000,6.542,1.105
NGC4100,4,2.150,158.2,1,0.4293,19.73,26.80,6,24,0.9433,26.87,31.58,4,24,0.5593,19.19,23.90,4,24,2.698,1.255,0.000,8.122,131.715
NGC4138,0,1.510,147.3,2,1.5580,13.56,13.23,6,7,0.9474,10.84,10.63,4,7,0.6650,9.99,9.78,4,7,1.943,1.287,0.000,0.815,3.767
NGC4157,3,2.320,184.7,1,0.2480,14.73,19.73,6,17,0.2271,10.95,14.28,4,17,0.2115,10.75,14.08,4,17,11.672,5.031,1.819,10.387,19.187
NGC4183,6,2.790,110.6,1,0.5394,21.17,27.98,6,23,0.1821,11.46,16.00,4,23,0.3860,15.33,19.88,4,23,9.750,3.495,0.000,9.335,10.180
NGC4214,10,0.510,80.1,2,1.0373,20.30,24.13,6,14,0.6612,14.61,17.17,4,14,0.8932,16.93,19.49,4,14,1.486,2.914,5.000,20.649,28.699
NGC4217,3,2.940,181.3,1,0.7313,21.51,27.17,6,19,1.8459,35.69,39.47,4,19,0.5972,16.96,20.74,4,19,2.567,0.873,5.000,12.586,156.876
NGC4389,4,2.790,0.0,3,0.8717,12.87,11.62,6,6,6.8007,21.60,20.77,4,6,0.5391,9.08,8.25,4,6,4.854,1.740,5.000,14.996,11.423
NGC4559,6,2.100,121.2,1,0.1585,16.12,24.92,6,32,0.2011,13.63,19.49,4,32,0.2444,14.84,20.70,4,32,4.499,2.142,5.000,23.034,19.095
NGC5005,4,9.450,262.2,1,0.0652,12.78,18.13,6,18,0.0568,8.79,12.36,4,18,0.0561,8.79,12.35,4,18,10.725,1.135,0.000,0.320,0.970
NGC5033,5,5.160,194.2,1,2.3260,49.22,55.76,6,22,2.7207,56.97,61.34,4,22,2.1954,47.52,51.88,4,22,7.135,1.383,0.000,120.105,11142.722
NGC5055,4,3.200,179.0,1,5.0544,123.20,131.19,6,28,2.6646,71.95,77.28,4,28,2.1476,59.54,64.87,4,28,9.190,2.872,0.000,2066.530,1998.559
NGC5371,4,7.440,209.5,1,9.5195,135.75,141.42,6,19,4.5333,76.00,79.78,4,19,9.4512,149.77,153.55,4,19,200.000,26.882,5.000,38.354,21.684
NGC5585,7,1.530,90.3,1,4.1635,86.94,94.01,6,24,6.1269,130.54,135.25,4,24,4.7353,102.71,107.42,4,24,2.500,1.634,5.000,168.554,195.463
NGC5907,5,5.340,215.0,1,6.4651,96.05,101.71,6,19,5.5803,91.70,95.48,4,19,5.6446,92.67,96.45,4,19,19.842,3.716,5.000,89.250,1177.813
NGC5985,3,7.010,293.6,1,9.6795,273.35,282.32,6,33,1.7196,57.87,63.85,4,33,2.1461,70.24,76.22,4,33,4.865,0.694,0.000,15.283,12.811
NGC6015,6,2.300,154.1,2,9.2801,364.64,375.35,6,44,8.6923,355.69,362.83,4,44,9.2425,377.70,384.84,4,44,8.940,3.887,5.000,9.377,43.381
NGC6195,3,13.940,251.7,1,1.4568,36.77,43.58,6,23,1.7793,41.81,46.35,4,23,1.4343,35.25,39.79,4,23,7.546,0.541,5.000,8.077,14.376
NGC6503,6,2.160,116.3,1,4.7491,130.73,139.33,6,31,1.4911,48.26,53.99,4,31,2.4362,73.78,79.51,4,31,4.556,2.109,0.000,271.704,4921.429
NGC6674,3,6.040,241.3,1,1.4829,25.35,29.59,6,15,2.0153,30.17,33.00,4,15,1.2249,21.47,24.31,4,15,50.862,8.421,0.000,279.542,214.629
NGC6946,6,2.440,158.9,1,1.5330,91.72,104.08,6,58,1.6037,94.60,102.84,4,58,1.4723,87.50,95.75,4,58,5.601,2.295,0.000,2.632,3.300
NGC7331,3,5.020,239.0,1,1.2707,50.12,59.62,6,36,0.6706,29.46,35.79,4,36,1.0843,42.70,49.03,4,36,12.131,2.416,0.000,46.633,101.816
NGC7793,7,1.210,0.0,1,0.7295,41.18,52.15,6,46,0.9198,46.63,53.95,4,46,0.7711,40.39,47.70,4,46,1.630,1.347,5.000,1.278,3.724
NGC7814,2,2.540,218.9,1,0.6823,20.19,25.53,6,18,0.4102,13.74,17.30,4,18,0.5106,15.15,18.71,4,18,7.066,2.782,0.000,36.302,1829.931
PGC51017,11,0.530,18.6,3,0.2469,12.25,11.00,6,6,0.0499,8.10,7.27,4,6,0.0829,8.17,7.33,4,6,0.100,0.189,0.000,0.100,1.780
UGC00128,8,5.950,129.3,1,22.8462,377.54,384.08,6,22,3.3680,68.62,72.99,4,22,8.1516,154.73,159.09,4,22,9.185,1.544,0.000,305.934,5950.716
UGC00191,9,1.580,0.0,1,8.4424,37.33,38.51,6,9,3.8244,27.12,27.91,4,9,4.4920,30.46,31.25,4,9,3.349,2.120,0.000,811.076,12215.331
UGC00731,10,2.300,73.3,1,2.1473,24.88,27.79,6,12,0.3544,10.83,12.77,4,12,0.6663,13.33,15.27,4,12,1.974,0.858,0.000,9.199,1.897
UGC00891,9,1.430,0.0,2,0.3445,12.34,10.00,6,5,7.1876,15.19,13.63,4,5,0.3106,8.31,6.75,4,5,3.257,2.278,0.000,26.308,1.135
UGC01230,9,4.340,103.7,1,0.9476,16.74,19.13,6,11,1.1312,15.92,17.51,4,11,0.3044,10.13,11.72,4,11,3.939,0.908,0.000,19.123,146.073
UGC01281,8,1.630,55.2,1,0.0979,13.86,21.17,6,25,1.0383,29.80,34.68,4,25,0.1659,11.48,16.36,4,25,1.267,0.777,5.000,10.354,42.497
UGC02023,10,1.550,0.0,2,0.0208,12.02,9.68,6,5,1.7056,9.71,8.14,4,5,0.0372,8.04,6.47,4,5,200.000,129.032,5.000,0.474,0.016
UGC02259,8,1.620,86.2,2,17.3975,46.79,47.27,6,8,1.0217,12.09,12.40,4,8,2.8121,19.25,19.57,4,8,1.675,1.034,0.000,21.382,9.243
UGC02455,10,0.990,0.0,3,1.1126,14.23,14.70,6,8,4.2472,24.99,25.31,4,8,1.1409,12.56,12.88,4,8,200.000,202.020,5.000,2.833,0.779
UGC02487,0,7.890,332.0,1,5.3473,70.82,75.82,6,17,4.0432,60.56,63.89,4,17,3.9909,59.88,63.21,4,17,20.565,2.607,0.000,97.850,1202.465
UGC02885,5,11.400,289.5,1,1.1212,26.58,32.24,6,19,0.8345,20.52,24.29,4,19,0.9302,21.95,25.73,4,19,24.717,2.168,0.000,22.921,181.381
UGC02916,2,6.150,182.7,2,8.7516,335.81,346.38,6,43,2.5382,106.99,114.04,4,43,10.0431,399.68,406.73,4,43,3.871,0.629,5.000,8.552,32.391
UGC02953,2,3.550,264.9,2,7.0018,775.20,791.67,6,115,5.5437,623.35,634.33,4,115,5.9790,671.67,682.65,4,115,12.139,3.420,0.000,132.491,652.579
UGC03205,2,3.190,219.6,1,3.8745,174.73,185.96,6,48,3.3665,156.13,163.61,4,48,3.6695,169.46,176.94,4,48,15.043,4.716,0.000,16.352,301.332
UGC03546,1,3.790,196.9,1,0.7095,29.03,37.44,6,30,0.8599,30.36,35.96,4,30,0.6350,24.51,30.12,4,30,5.842,1.541,0.000,37.441,50.666
UGC03580,1,2.430,126.2,2,2.7936,126.54,137.64,6,47,2.0540,96.32,103.72,4,47,2.4314,112.55,119.95,4,47,7.432,3.058,0.000,45.871,251.166
UGC04278,7,2.210,91.4,1,0.4122,19.83,27.15,6,25,1.0785,30.65,35.52,4,25,0.4167,16.75,21.63,4,25,4.721,2.136,5.000,16.460,56.504
UGC04305,10,1.160,34.5,3,1.1052,29.68,36.23,6,22,1.8819,41.87,46.24,4,22,1.8470,41.25,45.61,4,22,0.468,0.404,5.000,0.647,18.959
UGC04325,9,1.860,90.9,1,1.2444,14.49,14.97,6,8,2.7870,19.15,19.47,4,8,0.5801,10.32,10.64,4,8,1.086,0.584,0.000,1.920,0.675
UGC04483,10,0.180,0.0,2,0.7257,13.45,13.93,6,8,0.8828,11.53,11.85,4,8,0.3318,9.33,9.64,4,8,0.334,1.856,0.000,0.826,0.701
UGC04499,8,1.730,72.8,1,0.6437,13.93,15.11,6,9,1.1276,13.64,14.43,4,9,0.1936,8.97,9.76,4,9,2.091,1.209,0.000,33.848,166.704
UGC05005,10,3.200,98.9,1,0.0052,12.03,14.41,6,11,0.2465,9.73,11.32,4,11,0.0168,8.12,9.71,4,11,6.719,2.100,5.000,19.098,106.746
UGC05253,2,8.070,213.7,2,0.8144,66.57,80.31,6,73,2.2558,163.65,172.81,4,73,0.8360,65.68,74.85,4,73,8.175,1.013,0.000,37.651,84.888
UGC05414,10,1.470,0.0,1,0.3003,12.30,11.05,6,6,1.2345,10.47,9.64,4,6,0.1518,8.30,7.47,4,6,2.390,1.626,0.000,14.060,8.299
UGC05716,9,1.140,73.1,2,3.1137,30.68,33.59,6,12,2.0122,24.10,26.04,4,12,2.3187,26.55,28.49,4,12,3.105,2.724,0.000,40.994,28.424
UGC05721,7,0.380,79.7,1,0.6538,23.12,29.93,6,23,0.9257,25.59,30.13,4,23,0.4141,15.87,20.41,4,23,1.047,2.755,0.000,32.589,47.690
UGC05750,8,3.460,0.0,1,0.0029,12.01,14.40,6,11,0.8379,13.87,15.46,4,11,0.1464,9.03,10.62,4,11,3.639,1.052,5.000,9.022,10.737
UGC05764,10,1.170,0.0,2,4.0195,28.08,29.89,6,10,8.8641,61.18,62.39,4,10,3.2951,27.77,28.98,4,10,0.743,0.635,0.000,222.620,6254.508
UGC05829,10,1.990,0.0,2,0.3404,13.70,16.09,6,11,0.0971,8.68,10.27,4,11,0.2547,9.78,11.37,4,11,2.978,1.496,0.000,18.219,96.419
UGC05918,10,1.660,0.0,2,0.2984,12.60,13.07,6,8,0.1585,8.63,8.95,4,8,0.0584,8.23,8.55,4,8,1.104,0.665,0.000,0.450,0.187
UGC05986,9,1.670,113.0,2,0.1037,12.93,17.18,6,15,5.8381,72.22,75.05,4,15,1.0290,19.32,22.15,4,15,1.560,0.934,5.000,42.425,41.558
UGC05999,10,3.220,0.0,2,0.5764,12.58,10.23,6,5,6.4738,14.47,12.91,4,5,1.9073,9.91,8.35,4,5,3.362,1.044,5.000,0.276,1.340
UGC06399,9,2.050,85.0,1,0.0708,12.21,13.40,6,9,0.6740,11.37,12.16,4,9,0.0555,8.28,9.07,4,9,2.147,1.047,0.100,16.144,112.582
UGC06446,7,1.490,82.2,1,0.5847,18.43,23.43,6,17,0.2304,11.00,14.33,4,17,0.3495,12.54,15.88,4,17,2.065,1.386,0.000,6.540,10.277
UGC06614,1,5.100,199.8,1,0.0620,12.43,15.82,6,13,0.1413,9.27,11.53,4,13,0.0221,8.20,10.46,4,13,14.345,2.813,0.000,13.417,348.748
UGC06628,9,2.820,41.8,2,0.1093,12.11,11.78,6,7,0.3064,8.92,8.70,4,7,0.1959,8.59,8.37,4,7,0.715,0.253,5.000,0.074,0.048
UGC06667,6,5.150,83.8,1,0.1453,12.44,13.62,6,9,1.7493,16.75,17.54,4,9,0.1259,8.63,9.42,4,9,2.168,0.421,0.000,59.615,482.226
UGC06786,0,3.600,219.4,1,2.3001,101.70,112.54,6,45,0.5981,32.52,39.75,4,45,2.1475,96.05,103.28,4,45,7.851,2.181,0.000,105.936,481.665
UGC06787,2,5.370,248.1,2,25.7465,1685.52,1699.10,6,71,19.6930,1327.43,1336.48,4,71,24.2272,1631.22,1640.27,4,71,11.143,2.075,0.000,89.883,226.496
UGC06818,9,1.390,71.2,2,2.4165,16.83,17.31,6,8,2.9268,19.71,20.02,4,8,1.2929,13.17,13.49,4,8,3.183,2.290,5.000,2.895,1.162
UGC06917,9,2.760,108.7,1,0.4976,14.49,16.88,6,11,0.7987,13.59,15.18,4,11,0.2285,9.60,11.19,4,11,2.679,0.971,0.000,32.621,35.150
UGC06923,10,1.440,79.6,2,0.9946,12.99,11.75,6,6,1.3147,10.63,9.80,4,6,0.7086,9.42,8.58,4,6,1.284,0.891,5.000,3.514,10.572
UGC06930,7,3.940,107.2,1,0.8685,15.47,17.29,6,10,0.3436,10.06,11.27,4,10,0.1729,9.04,10.25,4,10,3.713,0.942,0.000,8.865,63.018
UGC06973,2,1.070,174.2,3,1.2954,15.89,17.07,6,9,0.4033,10.02,10.81,4,9,0.6301,11.15,11.94,4,9,2.560,2.393,0.000,47.893,156.651
UGC06983,6,3.210,109.0,1,0.6616,19.28,24.28,6,17,0.6653,16.65,19.98,4,17,0.4758,14.19,17.52,4,17,3.305,1.030,0.000,5.189,10.336
UGC07089,8,2.260,0.0,2,0.1900,13.14,16.05,6,12,0.2360,9.89,11.83,4,12,0.1425,9.14,11.08,4,12,5.915,2.617,5.000,2.003,0.904
UGC07125,9,3.380,65.2,1,0.3758,14.63,18.02,6,13,1.0107,17.10,19.36,4,13,0.2903,10.61,12.87,4,13,3.767,1.114,0.000,2.648,4.495
UGC07151,6,1.250,73.5,1,1.5716,19.86,22.25,6,11,2.3452,24.42,26.01,4,11,1.1198,15.84,17.43,4,11,1.224,0.979,5.000,16.361,10.110
UGC07261,8,1.200,74.7,2,4.5260,16.53,16.20,6,7,0.0332,8.10,7.88,4,7,0.2019,8.61,8.39,4,7,7.828,6.523,0.000,4.339,3.256
UGC07323,8,2.260,0.0,1,0.3775,13.51,15.33,6,10,0.5964,11.58,12.79,4,10,0.2739,9.64,10.85,4,10,3.407,1.508,5.000,7.492,3.163
UGC07399,8,1.640,103.0,1,1.9073,19.63,21.44,6,10,1.1718,15.03,16.24,4,10,0.7638,12.58,13.79,4,10,1.516,0.924,0.000,74.402,365.641
UGC07524,9,3.460,79.5,1,0.1903,16.76,25.36,6,31,0.7773,28.99,34.72,4,31,0.2192,13.92,19.65,4,31,2.368,0.684,3.620,27.442,43.187
UGC07559,10,0.580,0.0,2,0.1889,12.19,11.86,6,7,0.5428,9.63,9.41,4,7,0.1101,8.33,8.11,4,7,0.656,1.132,5.000,2.215,3.089
UGC07577,10,0.900,0.0,2,0.2635,12.79,13.97,6,9,0.1463,8.73,9.52,4,9,0.1642,8.82,9.61,4,9,199.999,222.222,5.000,1.133,0.565
UGC07603,7,0.530,61.6,1,0.3210,13.93,16.84,6,12,1.7795,22.24,24.18,4,12,0.1667,9.33,11.27,4,12,1.006,1.898,0.000,7.082,5.072
UGC07608,10,1.500,0.0,1,0.1881,12.38,12.85,6,8,0.6360,10.54,10.86,4,8,0.1030,8.41,8.73,4,8,1.524,1.016,5.000,0.393,0.131
UGC07690,10,0.570,57.4,2,0.8477,12.85,12.52,6,7,0.5506,9.65,9.44,4,7,0.1820,8.55,8.33,4,7,0.700,1.228,0.000,1.256,3.431
UGC07866,10,0.610,0.0,2,0.1868,12.19,11.86,6,7,0.0548,8.16,7.95,4,7,0.0627,8.19,7.97,4,7,7.429,12.179,0.000,0.547,0.537
UGC08286,6,1.050,82.4,1,4.0949,57.04,62.04,6,17,2.0122,34.16,37.49,4,17,1.0279,21.36,24.69,4,17,1.943,1.851,0.000,45.497,91.804
UGC08490,9,0.670,78.6,1,0.2424,17.82,26.23,6,30,0.1209,11.14,16.75,4,30,0.1240,11.22,16.83,4,30,2.101,3.136,0.000,32.561,140.951
UGC08550,7,0.450,56.9,1,0.6135,15.07,17.45,6,11,0.6675,12.67,14.26,4,11,0.4622,11.24,12.83,4,11,1.710,3.801,0.000,108.757,1880.123
UGC08699,2,3.090,182.4,2,0.8994,43.48,53.76,6,41,0.6279,31.23,38.09,4,41,0.8491,39.42,46.27,4,41,9.951,3.220,0.000,4.331,109.161
UGC08837,10,1.720,0.0,2,0.7712,13.54,14.02,6,8,5.4373,29.75,30.07,4,8,0.4127,9.65,9.97,4,8,3.022,1.757,5.000,0.474,1.069
UGC09037,6,4.280,152.3,2,0.9570,27.31,33.86,6,22,1.3193,31.75,36.11,4,22,0.6009,18.82,23.18,4,22,5.558,1.298,0.000,9.955,234.335
UGC09133,2,6.970,226.8,1,8.3908,532.23,545.55,6,68,6.9414,452.25,461.13,4,68,7.7135,501.66,510.54,4,68,23.162,3.323,0.000,130.853,108199.473
UGC09992,10,1.040,33.6,2,0.0913,12.09,9.75,6,5,0.0318,8.03,6.47,4,5,0.0681,8.07,6.51,4,5,0.283,0.272,0.000,0.022,0.074
UGC10310,9,1.800,71.4,1,0.3587,12.36,12.03,6,7,0.3077,8.92,8.71,4,7,0.1047,8.31,8.10,4,7,1.803,1.002,0.000,1.048,5.566
UGC11455,6,5.930,269.4,1,2.5426,88.28,97.78,6,36,5.2592,176.29,182.63,4,36,1.4851,55.52,61.86,4,36,5.932,1.000,0.000,18.620,17.525
UGC11557,8,2.750,0.0,2,0.4533,14.72,17.63,6,12,1.3549,18.84,20.78,4,12,0.5339,12.27,14.21,4,12,2.175,0.791,5.000,2.984,14.308
UGC11820,9,2.080,0.0,1,4.9168,31.67,33.48,6,10,0.4915,10.95,12.16,4,10,3.0037,26.02,27.23,4,10,5.772,2.775,0.000,1807.494,984214.526
UGC11914,2,2.440,288.1,1,0.3567,33.05,46.09,6,65,0.8116,57.51,66.21,4,65,0.4984,38.40,47.10,4,65,200.000,81.967,5.000,7.009,19.670
UGC12506,6,7.380,234.0,2,1.4603,48.51,57.11,6,31,0.1567,12.23,17.97,4,31,0.6050,24.34,30.07,4,31,11.076,1.501,0.000,7.749,9.867
UGC12632,9,2.420,71.7,1,0.2216,13.99,18.24,6,15,0.3064,11.37,14.20,4,15,0.0761,8.84,11.67,4,15,2.506,1.036,0.000,15.122,28.614
UGC12732,9,1.980,0.0,1,1.1495,23.50,28.13,6,16,0.1374,9.65,12.74,4,16,0.8017,17.62,20.71,4,16,4.590,2.318,0.000,16.865,165.627
UGCA281,11,1.720,0.0,3,0.3720,12.37,12.05,6,7,0.6146,9.84,9.63,4,7,0.1793,8.54,8.32,4,7,0.263,0.153,5.000,1.720,5.760
UGCA442,9,1.180,56.4,1,1.5047,15.01,15.49,6,8,3.0032,20.01,20.33,4,8,0.9277,11.71,12.03,4,8,2.018,1.710,0.000,2.114,1.730
UGCA444,10,0.830,37.0,2,0.2139,18.42,27.92,6,36,0.0625,10.00,16.33,4,36,0.2062,14.60,20.93,4,36,0.935,1.127,0.000,3.008,377.597
