name,chi2_burkert,Y_disk,Y_bul,rho_c,r_c,composite_age,resid_rms,resid_mean_abs,resid_radial_slope,resid_radial_slope_spearman,resid_compactness,resid_spectral_slope
CamB,1.2480,0.1000,0.0025,4.624333e+06,200.0000,-1.8261,0.8327,0.7377,1.1833,0.7000,0.3201,-2.0573
D564-8,0.0684,0.1000,0.0035,1.678275e+07,1.8582,-2.6736,0.1510,0.1148,0.0258,0.2571,0.0994,nan
D631-7,0.4943,0.1000,2.901281e-04,1.222752e+07,5.9519,-2.3300,0.6089,0.4326,0.0632,0.1647,-0.0975,-2.8192
DDO064,0.3973,0.1000,0.0076,6.924024e+07,1.7496,-2.3898,0.5327,0.4739,-0.1743,-0.2527,0.1401,-1.9304
DDO154,1.2789,0.2465,5.330566e-04,2.895309e+07,2.5450,-2.9148,0.9234,0.6739,-0.2267,-0.2378,-0.4127,-0.8377
DDO161,0.2831,0.5332,0.0010,6.266599e+06,7.4398,-2.2969,0.4965,0.4257,-0.0107,-0.1218,0.1811,-1.4365
DDO168,5.1305,0.1000,0.0030,3.083856e+07,3.4772,-2.4979,1.7545,1.3836,-0.0050,-0.0182,-0.4210,-2.8471
DDO170,2.4796,0.1000,0.0052,1.713827e+07,3.8709,-2.3228,1.1135,0.9347,0.0258,-0.0714,-0.5993,-5.1316
ESO079-G014,1.0306,0.2634,7.274729e-04,4.303762e+07,7.4322,1.5841,0.8694,0.7367,-0.0126,-0.0607,0.3454,-1.6133
ESO116-G012,0.8674,0.6526,0.0054,5.239803e+07,4.0887,-0.0090,0.7975,0.6495,-0.0480,-0.2643,0.3469,-0.0273
ESO444-G084,1.3020,1.5000,0.0019,9.806752e+07,1.8394,-2.6296,0.7470,0.5416,-0.2582,-0.4643,0.4336,nan
ESO563-G021,7.9930,0.1000,0.0033,1.451975e+08,7.6683,2.1674,2.6320,1.7297,0.0136,0.0420,1.7780,-1.3018
F561-1,0.2558,0.1000,0.0088,2.931261e+07,2.2157,-0.9648,0.2920,0.2550,-4.727383e-04,0.0857,0.0432,nan
F563-1,0.6197,0.1000,0.0078,5.965063e+07,3.9555,-1.8661,0.6884,0.5541,0.0115,0.2475,0.4028,-0.8329
F563-V1,0.3596,0.7304,0.0010,5.401654e+06,1.3779,-1.5558,0.3462,0.3150,-0.0689,-0.3714,0.0087,nan
F563-V2,0.1835,1.5000,0.0015,9.926146e+07,3.0142,-1.4648,0.3318,0.2813,-3.487152e-04,0.3333,0.1597,-2.2660
F565-V2,0.0786,0.1000,0.0030,2.281524e+07,5.1494,-2.3721,0.1836,0.1602,0.0230,0.3929,0.0843,nan
F567-2,1.0352,1.5000,0.0040,6.734973e+06,2.9283,-1.7612,0.4550,0.3803,0.0119,0.1000,0.4600,nan
F568-1,0.0844,0.1000,0.0032,9.585184e+07,3.7929,-0.4997,0.2372,0.2048,0.0155,0.3986,0.1409,-4.3005
F568-3,1.0664,0.1000,0.0069,2.668953e+07,6.0861,-0.4425,0.9107,0.7548,-0.0154,-0.0052,0.1751,-2.0516
F568-V1,0.0602,0.1000,0.0074,1.278152e+08,2.9165,-0.7707,0.2102,0.1754,0.0023,-0.2071,-0.1001,-0.4153
F571-8,0.3031,0.1322,0.0024,4.875896e+07,6.0950,1.2702,0.4580,0.3592,0.0035,0.2802,0.3894,0.3578
F571-V1,0.0412,0.1000,0.0073,2.236365e+07,4.9074,-1.1205,0.1329,0.1042,0.0060,0.0000,0.1198,nan
F574-1,0.0562,0.1000,5.936030e-04,6.787272e+07,3.3405,-0.5887,0.2003,0.1520,0.0077,0.3187,0.1328,-1.7965
F574-2,0.0364,0.1000,0.0021,4.148404e+06,3.6952,-1.4217,0.0853,0.0729,0.0011,0.2000,0.0671,nan
F579-V1,0.1716,1.5000,0.0094,4.052938e+08,1.0776,0.5169,0.3501,0.2490,0.0428,0.1165,-0.1481,-1.1280
F583-1,0.1835,0.1000,0.0060,2.927857e+07,4.3569,-2.1410,0.3926,0.2694,-0.0172,-0.0092,0.0757,-0.1980
F583-4,0.2691,1.5000,0.0054,4.008374e+06,13.5060,-0.3858,0.4236,0.3325,-0.1008,-0.4615,0.1359,-1.6141
IC2574,2.3186,0.8055,3.572539e-04,2.998115e+06,18.6513,-1.7670,1.4303,0.9612,-0.0797,-0.0781,0.8427,-0.6354
IC4202,2.9063,0.1000,9.133325e-10,2.820051e+08,4.1575,2.0615,1.5947,1.0675,0.0405,0.1169,1.0816,-1.0564
KK98-251,0.3408,0.1000,0.0032,1.431503e+07,3.1225,-2.7354,0.4999,0.3736,0.0821,0.1750,-0.3192,-1.8695
NGC0024,0.7070,0.1000,0.0018,5.394167e+08,1.3849,0.6079,0.7807,0.4752,0.0520,-0.1739,-0.2342,-0.4921
NGC0055,0.1873,0.1260,0.0011,1.710533e+07,5.7001,-0.6100,0.3894,0.3024,-0.0330,-0.3026,0.1314,-0.3516
NGC0100,0.0885,0.3383,7.900439e-04,3.620867e+07,4.0932,-0.4010,0.2676,0.2243,0.0159,0.1974,-0.0123,-1.8080
NGC0247,3.5877,1.5000,0.0058,2.275945e+07,3.3933,-0.1569,1.7423,1.5346,0.1358,0.2834,0.2795,-2.2939
NGC0289,2.0807,0.8004,3.341466e-04,6.572040e+06,16.4376,1.6788,1.3355,1.0235,0.0070,0.1587,0.6622,-1.5677
NGC0300,0.4734,1.1228,0.0023,1.821368e+07,6.1230,-0.0526,0.6306,0.4737,-0.0252,-0.1131,0.2048,-1.3900
NGC0801,6.3058,0.6618,1.895001e-05,1.732601e+06,39.3189,2.1894,2.0894,1.5210,0.0103,-0.0934,1.9538,-1.3087
NGC0891,1.0133,0.1000,0.6551,2.842126e+08,3.4072,2.6956,0.8878,0.7472,-0.0193,-0.1290,-0.1375,-1.2409
NGC1003,2.8888,0.9961,0.0043,5.117003e+06,13.7511,-0.1920,1.6024,1.2026,0.0273,0.2716,1.6220,-1.1939
NGC1090,0.9408,0.1000,0.0088,1.461581e+08,3.8891,1.6470,0.8854,0.7259,-0.0050,-0.0739,0.3651,-1.0585
NGC1705,0.1593,1.5000,0.0064,1.748630e+08,1.4122,-0.7397,0.3374,0.2509,-0.0229,0.0857,0.1559,0.1835
NGC2366,0.5502,0.1000,0.0098,4.181238e+07,2.1122,-2.3625,0.6823,0.5978,-0.0665,-0.1610,-0.2100,-1.4459
NGC2403,11.5998,0.7859,3.155374e-04,3.220079e+07,5.8395,0.5994,3.3112,2.4226,0.1053,0.0682,1.1218,-1.3793
NGC2683,0.8738,0.3535,0.6869,2.666473e+08,2.8773,2.5420,0.7457,0.5789,0.0062,0.1182,-0.2071,0.6554
NGC2841,1.7004,1.2893,0.9701,8.787013e+06,23.6988,2.5517,1.2507,0.9648,0.0161,0.3751,-0.9345,-1.4084
NGC2903,6.1071,0.1000,0.0027,9.031894e+08,1.8988,2.1605,2.3213,1.9818,0.1053,0.3675,0.6252,-2.5224
NGC2915,0.3568,0.1000,0.0039,1.643441e+08,1.8681,-1.2212,0.5561,0.4550,0.0328,0.1875,0.0290,-1.1933
NGC2955,3.0076,0.1000,0.8499,5.593594e+07,8.6017,2.5395,1.5831,1.2808,-0.0380,-0.1217,0.5597,-0.4084
NGC2976,0.3248,0.4230,7.588500e-04,1.012442e+08,3.0647,1.0961,0.5260,0.4310,0.1188,0.1874,-0.0176,-0.7396
NGC2998,3.1238,0.8715,0.0052,4.416646e+06,22.9253,1.6897,1.4706,1.2902,-0.0501,-0.6813,0.8316,-1.1211
NGC3109,0.1887,0.1000,0.0057,2.340982e+07,4.3703,-2.4916,0.3982,0.3154,-0.0184,-0.1254,0.3002,-0.2246
NGC3198,1.4401,0.7136,2.061821e-04,1.537134e+07,9.5666,0.9037,1.1429,0.8881,0.0056,0.1006,0.0414,-1.0807
NGC3521,0.1930,0.5812,2.327239e-04,1.725250e+07,14.3488,2.4642,0.4173,0.3386,-0.0028,-0.0869,0.0522,-1.6430
NGC3726,2.1803,0.6466,1.052344e-04,2.198690e+06,44.3887,1.4468,1.2056,0.9707,0.0242,0.1818,0.8682,-4.1977
NGC3741,0.4759,1.5000,0.0036,2.069891e+07,3.2245,-2.8564,0.6207,0.4561,0.0062,0.1597,0.5183,-1.5673
NGC3769,0.6352,0.3862,7.657169e-05,3.455357e+07,5.3930,1.4398,0.6507,0.5095,0.0177,0.2378,-0.3085,-4.9693
NGC3877,1.1516,0.1000,0.0071,2.256538e+08,3.0686,1.9869,0.8929,0.6298,0.0623,-0.1044,0.9406,-1.8323
NGC3893,0.2305,0.3875,0.0020,1.447895e+08,3.6986,1.9755,0.3719,0.2888,0.0022,0.1030,0.1003,0.4038
NGC3917,1.1110,0.1736,9.623668e-04,7.271095e+07,4.4454,0.9063,0.9217,0.6835,0.0315,0.0147,0.5425,-1.6028
NGC3949,0.5355,0.5332,0.0063,1.474516e+07,200.0000,1.9797,0.4791,0.3687,-0.0160,-0.3571,0.4977,nan
NGC3953,0.0733,0.2086,0.0073,3.098502e+08,3.2204,2.2854,0.1914,0.1688,-0.0035,-0.3095,-0.1190,4.6393
NGC3972,0.5982,0.1000,0.0076,1.211029e+08,3.3305,1.2758,0.5991,0.5098,0.0073,0.1394,-0.2065,-1.4261
NGC3992,0.6592,0.2806,5.718322e-04,1.503662e+08,5.6556,2.0704,0.6052,0.4838,0.0041,0.3333,-0.2973,0.2109
NGC4010,1.5031,0.1000,0.0073,6.097537e+07,4.5612,-0.0797,1.0010,0.8539,-0.0359,-0.0839,-0.1630,-1.1803
NGC4013,0.7564,0.5484,1.2810,4.927436e+06,23.5112,2.3506,0.8200,0.6546,-0.0107,-0.0718,0.3882,-2.0160
NGC4051,0.7399,0.3677,0.0016,1.089204e+08,3.0284,2.0082,0.5631,0.4736,-0.0195,-0.1429,0.0199,nan
NGC4068,0.1903,0.1000,0.0053,2.660848e+07,3.0008,-1.8428,0.2518,0.2126,0.1274,0.4286,-0.0787,nan
NGC4085,1.6190,0.1000,0.0023,1.649767e+08,3.0323,1.7152,0.8330,0.7228,0.1119,0.3571,0.4160,nan
NGC4088,0.5531,0.4407,1.005937e-04,3.149846e+06,43.6876,1.9806,0.6072,0.4823,-3.923432e-04,0.1469,0.5277,1.2351
NGC4100,0.5593,0.3778,0.0017,1.948455e+08,3.2627,1.8915,0.6827,0.5580,-0.0170,-0.1365,0.0547,-1.7958
NGC4138,0.6650,0.6114,9.618632e-09,3.375765e+08,2.1089,3.0277,0.5338,0.4491,0.0210,0.0714,0.1944,nan
NGC4157,0.2115,0.5598,6.122818e-10,5.614704e+06,22.3102,2.3192,0.4022,0.2957,0.0027,0.1299,0.3229,0.7744
NGC4183,0.3860,0.1963,0.0031,9.170575e+07,3.1055,0.2212,0.5647,0.4741,0.0122,0.1650,-0.1031,-2.3139
NGC4214,0.8932,1.2662,0.0069,5.319692e+07,3.2004,-0.6305,0.7988,0.4862,-0.1383,-0.2176,0.5894,0.5557
NGC4217,0.5972,0.2407,0.0000,3.670578e+08,2.7601,2.2687,0.6867,0.5095,0.0094,-0.0632,0.4975,-1.0577
NGC4389,0.5391,0.1000,0.0011,2.198453e+07,25.2676,1.6032,0.4239,0.3332,0.1019,-0.0857,0.2816,nan
NGC4559,0.2444,0.5583,0.0011,1.387488e+07,8.0277,0.6210,0.4624,0.4054,-0.0174,-0.2104,0.0054,-2.0394
NGC5005,0.0561,0.5963,0.5015,1.953726e+07,15.7041,2.6919,0.2088,0.1344,-0.0081,-0.2012,0.1552,0.1996
NGC5033,2.1954,0.4786,0.4454,6.731288e+07,6.5360,2.1641,1.3402,1.0224,-0.0108,-0.1090,-1.0143,-1.7349
NGC5055,2.1476,0.4327,5.198876e-05,1.833731e+07,10.5818,2.3613,1.3568,0.9570,2.508071e-04,-0.0432,0.3272,-0.5982
NGC5371,9.4512,0.6620,0.0041,4.974721e+05,200.0000,2.4007,2.7316,2.3669,-0.0600,-0.3719,1.5574,-2.2818
NGC5585,4.7353,0.6110,0.0085,2.229655e+07,5.3213,-0.4624,1.9865,1.5533,-0.0120,0.0400,1.2627,-2.4586
NGC5907,5.6446,0.9849,2.630888e-04,1.737010e+06,45.3346,1.7848,2.1110,1.4702,-0.0348,-0.1596,0.3768,-0.1723
NGC5985,2.1461,0.1000,1.5092,2.654293e+08,5.0567,2.2163,1.3733,1.1024,0.0289,0.1307,-0.7005,-1.5043
NGC6015,9.2425,1.0719,7.104536e-04,4.780233e+06,20.5392,1.0549,2.8987,2.2871,-0.0269,-0.1738,2.0778,-1.2245
NGC6195,1.4343,0.1063,0.7858,2.018927e+07,13.7068,2.5895,1.0885,0.7857,0.0121,0.0119,0.7473,-0.3290
NGC6503,2.4362,0.5670,0.0011,3.619081e+07,5.0144,1.2147,1.4567,1.0468,0.0133,0.0907,0.5864,-0.9350
NGC6674,1.2249,1.3856,1.2039,1.087321e+06,76.0983,2.1582,0.9478,0.8290,-0.0021,-0.1857,-0.3595,0.3307
NGC6946,1.4723,0.5535,0.5680,2.285125e+07,7.5361,1.5796,1.1708,0.7949,0.0081,-0.0310,0.5609,-0.8301
NGC7331,1.0843,0.4628,4.526288e-10,1.222099e+07,16.8305,2.8921,0.9817,0.8234,0.0072,0.1369,0.3076,-1.8042
NGC7793,0.7711,0.7459,0.0082,3.948735e+07,3.4737,0.6217,0.8391,0.7158,0.0320,0.1853,0.0474,-1.4319
NGC7814,0.5106,1.5000,0.5550,2.701163e+07,9.9816,2.9534,0.6302,0.5170,0.0129,0.1785,0.1114,-1.3428
PGC51017,0.0829,0.1000,0.0099,2.779999e+09,0.1000,-2.5914,0.1662,0.1234,-0.0886,-0.4857,0.1208,nan
UGC00128,8.1516,0.1000,0.0036,2.173023e+07,7.7156,-0.8148,2.5825,2.0919,0.0226,0.1496,0.2976,-1.9054
UGC00191,4.4920,1.5000,0.0087,1.895784e+07,4.3234,-1.1216,1.5797,1.4423,-0.0210,0.1500,-0.4851,-0.0638
UGC00731,0.6663,1.5000,0.0037,5.632000e+07,2.4114,-2.5015,0.6665,0.5666,0.0303,0.1119,0.5234,-2.8032
UGC00891,0.3106,0.1037,0.0088,1.617949e+07,4.8265,-1.9591,0.2492,0.2001,0.0059,0.1000,0.2019,nan
UGC01230,0.3044,0.1000,0.0025,6.661265e+07,3.7759,-1.1234,0.4401,0.3794,0.0023,0.1545,0.3048,-3.0004
UGC01281,0.1659,0.1000,0.0085,3.770796e+07,2.7649,-1.7536,0.3733,0.3108,0.0354,0.3169,0.1979,-0.9633
UGC02023,0.0372,0.2764,0.0039,1.045261e+07,200.0000,-1.2562,0.0862,0.0665,-0.0234,-0.3000,0.0043,nan
UGC02259,2.8121,0.1000,0.0057,2.405179e+08,1.5447,-0.5984,1.1858,0.9658,0.1201,0.2857,-0.3888,-2.5310
UGC02455,1.1409,0.1000,0.0089,6.668281e+06,200.0000,-0.2078,0.7553,0.6771,0.1254,0.2381,-0.0854,-5.3717
UGC02487,3.9909,1.5000,0.6124,7.110269e+06,27.0215,3.2515,1.7469,1.4929,0.0165,0.2647,0.1275,-1.4167
UGC02885,0.9302,0.6893,1.0746,5.494132e+06,31.2408,1.9831,0.8570,0.6416,0.0014,0.0684,0.6453,-0.2429
UGC02916,10.0431,0.1000,0.5362,5.773135e+07,7.1785,2.5538,3.0181,2.0828,-0.0721,-0.1996,1.7439,-1.1748
UGC02953,5.9790,0.7756,0.6842,1.736974e+07,15.3887,2.9866,2.4023,1.8670,0.0177,0.1084,-0.2306,-1.2935
UGC03205,3.6695,0.8915,1.1990,5.949531e+06,22.1185,2.3807,1.8340,1.4139,0.0300,0.0392,0.4214,-1.6091
UGC03546,0.6350,0.5506,0.4597,3.734110e+07,7.4118,3.1089,0.7419,0.5438,0.0089,0.1493,-0.6566,-0.0025
UGC03580,2.4314,0.7250,0.1012,1.111593e+07,10.1421,1.6619,1.4915,1.1863,-0.0068,-0.1428,-0.0284,-1.3852
UGC04278,0.4167,1.1337,0.0025,1.212686e+07,14.6204,-1.0824,0.5916,0.4666,-0.0366,-0.1300,-0.1713,-1.4114
UGC04305,1.8470,0.6122,0.0022,3.463636e+07,0.6179,-1.5225,1.2293,1.0087,-0.2992,-0.3970,0.2258,-2.7937
UGC04325,0.5801,0.1000,0.0057,3.373835e+08,1.3916,-0.8476,0.5386,0.4201,-0.0151,-0.1667,0.3883,-3.5649
UGC04483,0.3318,0.1000,0.0049,1.754983e+08,0.4607,-2.9240,0.4073,0.3294,0.0378,-0.0714,0.1268,-0.0782
UGC04499,0.1936,0.1000,0.0071,5.841713e+07,2.5196,-1.1379,0.3280,0.2750,0.0142,0.0167,0.1891,-0.4155
UGC05005,0.0168,0.5005,2.486979e-04,6.458020e+06,10.6442,-1.3968,0.1034,0.0857,-0.0020,-0.0818,-0.0547,0.1770
UGC05253,0.8360,0.1000,0.7321,8.234914e+07,6.8462,2.6948,0.8889,0.6352,-0.0106,0.0460,0.1817,-1.5688
UGC05414,0.1518,0.6445,0.0030,2.352355e+07,3.6991,-1.3973,0.2249,0.1995,-0.0093,-0.0857,0.1543,nan
UGC05716,2.3187,1.5000,1.786007e-04,1.963777e+07,4.3169,-1.9433,1.2433,1.1559,-0.0951,-0.3776,0.3034,0.0145
UGC05721,0.4141,0.6817,0.0065,3.938672e+08,1.1098,-0.8102,0.5849,0.4847,-0.0161,-0.0830,0.2466,-1.3026
UGC05750,0.1464,0.2673,0.0020,9.248157e+06,7.2113,-1.0739,0.3053,0.2755,0.0019,0.4273,0.0604,-1.3809
UGC05764,3.2951,0.1000,4.341982e-04,2.359284e+08,0.9740,-2.8095,1.4061,1.3308,-0.3116,-0.2485,-0.2619,-2.3691
UGC05829,0.2547,1.5000,0.0036,1.410873e+07,4.2380,-2.3842,0.4026,0.3617,-0.0426,-0.2364,0.0249,-1.8103
UGC05918,0.0584,0.1000,0.0055,6.344378e+07,1.4782,-2.6236,0.1709,0.1471,0.0134,-0.0238,-2.284038e-04,-3.6436
UGC05986,1.0290,0.5061,2.431376e-04,9.064062e+07,3.3111,-0.7571,0.8687,0.7734,-0.0404,-0.1893,-0.1064,-2.4057
UGC05999,1.9073,0.1000,0.0024,1.624986e+07,6.7140,-1.3565,0.6176,0.5347,0.0023,0.1000,0.5485,nan
UGC06399,0.0555,0.1000,0.0019,6.025279e+07,3.1735,-0.8440,0.1756,0.1517,0.0075,0.0667,-0.0493,-2.1352
UGC06446,0.3495,1.5000,0.0074,5.992306e+07,2.6228,-1.3162,0.5169,0.3577,-0.0103,-0.0319,0.3430,-2.3929
UGC06614,0.0221,0.1000,0.5960,1.039804e+07,17.1691,2.6066,0.1237,0.1023,-2.399143e-04,-0.0440,0.0374,-0.0472
UGC06628,0.1959,0.1000,4.233038e-04,1.034887e+08,0.9894,-0.8587,0.2898,0.2568,-0.0595,-0.4643,0.0299,nan
UGC06667,0.1259,0.1000,0.0073,6.116500e+07,3.1180,-0.8968,0.2645,0.2073,-0.0097,-0.2167,0.0021,-0.1428
UGC06786,2.1475,0.8379,0.8896,3.363794e+07,9.8873,2.8335,1.3988,1.0800,-0.0040,-0.1318,0.6063,-1.0584
UGC06787,24.2272,1.5000,0.5938,1.736442e+07,14.5629,2.7822,4.7815,2.8420,0.0754,0.1907,-2.8084,-1.3627
UGC06818,1.2929,0.1572,0.0022,1.417762e+07,7.8149,-1.1426,0.8040,0.7549,-0.0603,-0.1905,-0.0925,-0.8340
UGC06917,0.2285,0.3189,0.0044,7.170260e+07,3.3300,-0.4810,0.3813,0.3393,0.0199,0.1364,-0.0910,-1.6748
UGC06923,0.7086,0.2190,0.0018,7.739112e+07,2.5187,-0.4749,0.4860,0.4298,-0.0206,-0.1429,0.2033,nan
UGC06930,0.1729,0.1000,0.0012,8.015264e+07,3.2324,-0.0847,0.3220,0.2501,0.0122,0.2970,0.1623,-1.1868
UGC06973,0.6301,0.2146,9.360949e-09,1.853993e+08,3.3916,2.8832,0.5916,0.4983,0.0500,0.3500,0.1543,0.0559
UGC06983,0.4758,0.7397,8.411043e-04,5.842823e+07,3.6001,-0.3134,0.6032,0.3967,0.0151,0.2083,0.4232,1.0253
UGC07089,0.1425,0.7978,6.314421e-04,4.868908e+06,13.1986,-0.5955,0.3082,0.2442,-0.0164,-0.2308,0.2090,-0.1830
UGC07125,0.2903,0.3550,3.056722e-04,1.236377e+07,4.3016,-1.6099,0.4483,0.3832,-0.0076,-0.0879,-0.2242,-0.3018
UGC07151,1.1198,0.7651,0.0039,7.881209e+07,1.8187,-0.0367,0.8442,0.6305,0.1169,0.3909,0.7189,-0.1797
UGC07261,0.2019,0.1000,0.0098,2.282519e+08,1.3403,-1.1234,0.2942,0.2665,0.0369,0.1429,0.0168,nan
UGC07323,0.2739,0.7779,0.0052,1.149092e+07,8.5929,-0.1536,0.4054,0.3295,-0.0330,-0.0667,0.0996,-1.0227
UGC07399,0.7638,1.3606,0.0038,1.810858e+08,1.9590,-0.8090,0.6770,0.5532,0.1050,0.2485,-0.0605,-1.5353
UGC07524,0.2192,0.7802,5.022591e-04,2.713263e+07,3.7373,-1.2710,0.4369,0.3320,-0.0139,-0.0706,0.1334,-1.1445
UGC07559,0.1101,0.1000,0.0041,3.609795e+07,1.4825,-2.5058,0.2172,0.1710,1.591081e-04,-0.1429,-0.0996,nan
UGC07577,0.1642,0.3940,0.0062,2.811386e+06,199.9998,-2.6124,0.3021,0.2594,-0.2593,-0.3333,0.1345,-3.2752
UGC07603,0.1667,0.1000,0.0061,1.944692e+08,1.2682,-0.9807,0.3333,0.2819,0.0049,-0.0490,0.0930,-2.5215
UGC07608,0.1030,0.1000,0.0065,5.145715e+07,2.8334,-2.4435,0.2269,0.1582,0.0361,0.0952,0.1405,-0.6480
UGC07690,0.1820,0.4056,0.0019,5.105401e+08,0.6474,-0.9092,0.2793,0.2353,-0.0235,0.1071,0.2571,nan
UGC07866,0.0627,1.5000,9.431123e-04,5.866841e+06,9.7480,-2.2309,0.1640,0.1104,-0.0868,-0.2500,0.0547,nan
UGC08286,1.0279,0.1000,0.0011,1.940205e+08,1.6582,-0.6382,0.8866,0.7801,0.0796,0.2745,0.2471,-1.7987
UGC08490,0.1240,1.5000,7.618328e-04,5.977102e+07,2.6319,-1.0237,0.3278,0.2701,-0.0013,-0.0487,0.2223,-0.6591
UGC08550,0.4622,1.5000,0.0038,3.871432e+07,2.4215,-1.3656,0.5423,0.4460,-0.0837,-0.2727,0.3330,-2.1808
UGC08699,0.8491,1.1402,0.6092,1.132990e+07,13.2887,2.6224,0.8754,0.7284,0.0191,0.0549,0.1165,-1.8913
UGC08837,0.4127,0.2246,0.0021,8.925853e+06,8.1297,-1.8691,0.4543,0.3645,0.0249,0.0238,-0.3022,-1.9590
UGC09037,0.6009,0.1000,0.0043,3.665521e+07,6.6273,1.0322,0.7012,0.5600,0.0065,0.1474,0.3951,-1.3341
UGC09133,7.7135,0.9803,0.5223,4.195369e+06,27.0766,2.6927,2.6944,1.8476,-4.998363e-04,-0.0723,-0.9022,-1.4315
UGC09992,0.0681,1.5000,7.959532e-04,1.989354e+08,0.2226,-2.0562,0.1167,0.0957,0.0478,0.3000,0.0080,nan
UGC10310,0.1047,1.3237,0.0082,3.504090e+07,2.5289,-1.3215,0.2119,0.2025,0.0025,-0.1786,-0.0721,nan
UGC11455,1.4851,0.1150,0.0038,1.178626e+08,7.0495,2.0724,1.1490,0.9075,-0.0015,0.1295,-0.1027,-1.0773
UGC11557,0.5339,0.1000,0.0047,2.543539e+07,4.4452,0.1355,0.5966,0.4764,0.0488,0.4266,-0.1639,-2.2160
UGC11820,3.0037,1.5000,0.0040,7.151377e+06,8.2286,-1.9615,1.3425,1.2097,-0.0585,-0.1636,-0.1474,-1.9791
UGC11914,0.4984,0.6037,1.0208,2.524992e+07,200.0000,3.0907,0.6839,0.4982,0.0605,-0.0092,0.1194,-1.2027
UGC12506,0.6050,0.1000,0.0027,1.865598e+08,5.1447,0.9737,0.7259,0.5224,-0.0046,0.1839,0.4539,-1.3451
UGC12632,0.0761,0.8116,8.453449e-04,3.654245e+07,2.9656,-1.8827,0.2363,0.2008,-0.0027,0.0536,0.0312,-0.5095
UGC12732,0.8017,1.5000,0.0090,1.401565e+07,6.1820,-1.7970,0.7754,0.6534,-0.0477,-0.3088,-0.0021,-2.4781
UGCA281,0.1793,0.2699,7.858843e-04,2.431853e+08,0.5181,-1.9640,0.2772,0.2371,-0.2082,0.0357,0.0697,nan
UGCA442,0.9277,0.8783,0.0026,2.972482e+07,2.9394,-2.5908,0.6811,0.5484,-0.0534,0.0000,0.2478,0.3791
UGCA444,0.2062,1.5000,0.0090,4.908811e+07,1.3143,-3.3622,0.4281,0.3534,-0.0668,-0.0716,0.1717,-1.9666
