name,n,k,alpha_fixed,r_core_fixed,Y_disk,Y_bul,rho0,r_mem,chi2_constrained,aic,bic,chi2_free
CamB,9,4,5.0000,3.3279,0.1000,6.132773e-04,1.980484e+06,200.0000,0.4817,10.4083,11.1972,0.6438
D564-8,6,4,5.0000,4.3192,0.1319,0.0083,1.349706e+07,0.8567,0.0542,8.1084,7.2754,0.0880
D631-7,16,4,1.0280,4.9565,0.1000,2.713068e-04,1.178432e+07,3.0333,0.4575,13.4901,16.5804,0.3222
DDO064,14,4,1.2405,4.8857,0.1000,0.0034,7.453241e+07,0.9822,0.3806,11.8058,14.3620,0.4676
DDO154,12,4,0.5904,2.6199,0.3944,0.0046,2.697351e+07,1.5579,0.6651,13.3209,15.2605,0.8425
DDO161,31,4,1.4495,8.6384,0.5980,0.0065,5.312160e+06,4.0586,0.2315,14.2493,19.9853,0.2186
DDO168,10,4,1.4873,7.2223,0.1000,0.0050,3.210991e+07,1.8315,5.1317,38.7903,40.0006,5.5412
DDO170,8,4,2.0250,13.8073,1.5000,0.0061,7.886135e+06,3.0280,3.9782,23.9129,24.2307,7.1176
ESO079-G014,15,4,1.9108,35.9699,0.1452,0.0063,4.888197e+07,4.3618,0.7773,16.5504,19.3826,0.8355
ESO116-G012,15,4,1.1613,10.6918,0.6726,0.0074,5.087215e+07,2.4780,0.7530,16.2833,19.1155,0.8759
ESO444-G084,7,4,5.0000,3.2571,1.5000,0.0050,6.120574e+07,0.9107,2.2968,14.8905,14.6742,3.5893
ESO563-G021,30,4,1.3885,38.5898,0.1000,0.0046,1.338574e+08,5.3634,8.0667,217.7343,223.3391,7.0808
F561-1,6,4,2.5720,19.7551,0.1000,0.0081,2.391474e+07,1.5798,0.0787,8.1573,7.3244,0.0675
F563-1,17,4,2.0103,24.9240,1.5000,2.753868e-04,3.329548e+07,3.1952,0.9605,20.4862,23.8190,1.0853
F563-V1,6,4,5.0000,26.8358,0.5068,0.0042,6.685613e+06,1.1202,0.2642,8.5285,7.6955,0.4084
F563-V2,10,4,1.5755,17.2061,1.5000,0.0033,1.025969e+08,1.8999,0.1465,8.8790,10.0894,0.0806
F565-V2,7,4,5.0000,15.3651,0.1000,0.0029,1.937476e+07,2.4731,0.0642,8.1925,7.9761,0.1528
F567-2,5,4,5.0000,21.8085,0.1000,6.505179e-05,3.039092e+07,1.4585,0.7870,8.7870,7.2247,0.5720
F568-1,12,4,5.0000,36.6780,0.1000,0.0025,9.314239e+07,2.2324,0.1206,8.9645,10.9042,0.1411
F568-3,18,4,5.0000,35.3326,0.1000,0.0067,2.606800e+07,3.2374,1.0743,23.0409,26.6024,0.8425
F568-V1,15,4,1.7748,20.1800,1.5000,0.0040,7.053181e+07,2.2625,0.1994,10.1932,13.0254,0.2228
F571-8,13,4,1.7790,25.2073,0.1407,0.0011,4.736780e+07,3.6996,0.2829,10.5461,12.8059,0.3564
F571-V1,7,4,1.9286,17.4893,0.4382,0.0024,1.673010e+07,3.2069,0.0473,8.1419,7.9255,0.1196
F574-1,14,4,2.3678,31.5799,0.6593,0.0086,4.549136e+07,2.4158,0.2263,10.2626,12.8188,0.2630
F574-2,5,4,5.0000,26.6234,0.1000,0.0032,3.754961e+06,2.1399,0.0446,8.0446,6.4823,0.0423
F579-V1,14,4,1.9462,23.8619,1.5000,0.0048,2.488243e+08,1.0159,0.5316,13.3160,15.8723,0.6552
F583-1,25,4,1.8562,16.7104,0.1000,0.0030,2.786789e+07,2.6852,0.1430,11.0021,15.8776,0.1465
F583-4,12,4,5.0000,13.6657,1.5000,0.0033,3.053496e+06,4.5421,0.2853,10.2821,12.2217,0.3532
IC2574,34,4,2.2813,19.6843,0.8157,0.0015,2.824942e+06,7.5280,2.3858,79.5733,85.6787,2.4236
IC4202,32,4,1.5187,33.8457,0.1000,3.138363e-10,2.400659e+08,3.1019,5.6918,167.3714,173.2343,5.8455
KK98-251,15,4,2.2291,9.4881,0.1000,0.0071,1.476558e+07,1.6341,0.3466,11.8130,14.6452,0.3216
NGC0024,29,4,1.0668,9.4881,1.5000,0.0020,4.976478e+07,2.3296,1.3729,42.3233,47.7925,1.3961
NGC0055,21,4,2.8211,43.2630,0.1778,0.0053,1.681593e+07,3.4473,0.1555,10.6433,14.8214,0.1528
NGC0100,21,4,1.4735,11.7539,0.4925,0.0031,2.796021e+07,2.6667,0.1137,9.9323,14.1104,0.1150
NGC0247,26,4,2.1187,26.4818,1.5000,0.0061,1.947741e+07,2.4133,4.3463,103.6188,108.6512,4.5954
NGC0289,28,4,2.2687,47.7239,0.8847,0.0074,3.672571e+06,11.7723,1.9960,55.9047,61.2335,2.1493
NGC0300,25,4,1.4689,12.3912,1.1935,0.0036,1.584169e+07,3.5976,0.4972,18.4402,23.3157,0.5357
NGC0801,13,4,2.2254,50.0000,0.6648,0.0061,1.404294e+06,19.8058,6.3897,65.5072,67.7670,8.0850
NGC0891,18,4,1.0000,18.0558,0.1263,0.7354,1.650725e+08,2.9059,0.5761,16.0651,19.6266,0.6454
NGC1003,36,4,1.2197,11.3999,1.0701,0.0074,3.699731e+06,8.0905,3.2409,111.7090,118.0431,3.1890
NGC1090,24,4,1.6057,24.9948,0.6776,0.0071,7.073951e+06,7.6064,2.7267,62.5350,67.2472,2.9150
NGC1705,14,4,0.2136,2.7615,1.5000,0.0033,1.463708e+08,1.0932,0.3080,11.0797,13.6359,0.3723
NGC2366,26,4,1.0939,4.6024,0.1000,0.0052,4.175703e+07,1.2497,0.3301,15.2614,20.2938,0.2395
NGC2403,73,4,0.8909,9.8422,0.8326,0.0090,2.596777e+07,3.8517,15.2730,1061.8379,1070.9997,14.9465
NGC2683,11,4,1.1841,15.4359,0.7148,0.4256,1.973314e+07,5.0621,1.1950,16.3650,17.9566,1.6214
NGC2841,50,4,1.0808,25.7737,1.3885,0.8972,5.756846e+06,15.6827,2.1811,108.3325,115.9806,2.1124
NGC2903,34,4,1.0681,16.4980,0.4490,0.0068,5.006086e+07,4.0859,8.8272,272.8160,278.9215,9.1804
NGC2915,30,4,0.4101,3.8944,0.1000,0.0036,1.157198e+08,1.5405,0.6112,23.8918,29.4966,0.6389
NGC2955,24,4,5.0000,50.0000,0.1000,0.8636,4.552153e+07,5.1102,2.3695,55.3897,60.1019,2.4374
NGC2976,27,4,1.0022,7.1515,0.4412,0.0095,9.951130e+07,1.8813,0.3312,15.6170,20.8004,0.3229
NGC2998,13,4,1.9284,43.9003,0.8692,0.0040,4.056717e+06,12.3094,2.9108,34.1971,36.4569,3.5523
NGC3109,25,4,1.6998,11.0459,0.1000,0.0011,2.397592e+07,2.3608,0.1857,11.8995,16.7750,0.2000
NGC3198,43,4,1.5793,22.2334,0.8436,0.0022,7.064582e+06,7.6811,2.6768,112.3965,119.4413,2.5150
NGC3521,41,4,0.9499,16.9937,0.5809,0.0019,1.762854e+07,7.6583,0.1920,15.1047,21.9590,0.1771
NGC3726,12,4,1.5458,24.0743,0.6498,0.0034,1.842522e+06,19.3329,2.1969,25.5754,27.5150,2.8915
NGC3741,21,4,0.0000,1.4161,1.5000,0.0057,2.228890e+07,2.2387,0.4724,16.0315,20.2096,0.5354
NGC3769,12,4,1.8921,23.9327,0.5343,0.0011,1.369123e+07,5.0780,1.4657,19.7253,21.6649,1.7600
NGC3877,13,4,1.2443,17.9141,0.1000,0.0077,2.044455e+08,2.1354,1.0902,17.8121,20.0719,1.1709
NGC3893,10,4,1.1494,16.8520,0.4685,0.0025,7.243808e+07,3.2363,0.4285,10.5707,11.7811,0.6026
NGC3917,17,4,1.5005,18.6222,0.1000,6.654768e-04,7.428470e+07,2.8050,0.8873,19.5349,22.8677,0.7364
NGC3949,7,4,1.6314,25.4197,0.5397,0.0077,1.154660e+07,199.9999,0.5034,9.5101,9.2938,1.3749
NGC3953,8,4,1.6370,34.6246,0.4784,0.0023,1.273119e+08,2.6201,0.5957,10.3829,10.7007,1.7645
NGC3972,10,4,1.3347,15.4359,0.1361,4.402842e-04,1.111050e+08,2.1759,1.0197,14.1185,15.3288,1.3745
NGC3992,9,4,1.5628,35.1202,1.1243,0.0034,1.670311e+06,22.5897,1.2632,14.3161,15.1050,2.0916
NGC4010,12,4,1.6456,19.8967,0.1000,0.0052,6.253066e+07,2.7355,1.2228,17.7824,19.7220,1.5953
NGC4013,36,4,1.5547,24.9948,0.5574,1.2642,4.336685e+06,11.9896,0.7611,32.3564,38.6905,0.8011
NGC4051,7,4,1.9311,32.9252,0.3590,0.0017,9.848793e+07,2.1703,0.5320,9.5961,9.3798,1.4329
NGC4068,6,4,5.0000,4.1776,0.1000,0.0042,2.144277e+07,1.1234,0.1560,8.3120,7.4791,0.2532
NGC4085,7,4,1.0621,11.6831,0.1000,0.0080,1.779429e+08,1.8253,1.5188,12.5565,12.3401,2.1771
NGC4088,12,4,1.2445,18.2682,0.4420,0.0047,2.703932e+06,18.5657,0.5584,12.4668,14.4065,0.7336
NGC4100,24,4,1.1429,15.2235,0.1000,0.0056,2.080429e+08,2.4471,0.4529,17.0573,21.7695,0.4293
NGC4138,7,4,0.8576,10.6918,0.5136,1.614987e-09,2.507180e+08,1.8229,0.5257,9.5772,9.3608,1.5580
NGC4157,17,4,1.0632,16.4272,0.5625,1.060755e-08,5.029252e+06,11.5890,0.2102,10.7325,14.0654,0.2480
NGC4183,23,4,1.7687,19.7551,1.5000,0.0049,3.204278e+06,7.3113,0.5212,17.9024,22.4444,0.5394
NGC4214,14,4,0.3757,3.6112,1.2542,0.0041,5.865329e+07,1.8952,0.8848,16.8481,19.4043,1.0373
NGC4217,19,4,1.3216,20.8172,0.1000,0.0973,1.794522e+08,2.5578,0.6951,18.4264,22.2042,0.7313
NGC4389,6,4,5.0000,19.7551,0.1000,0.0045,1.951888e+07,5.6840,0.5201,9.0402,8.2072,0.8717
NGC4559,32,4,1.3886,14.8695,0.5808,9.917835e-04,1.133859e+07,4.8939,0.1642,12.5975,18.4605,0.1585
NGC5005,18,4,2.1297,50.0000,0.5952,0.5015,2.060195e+07,8.2521,0.0560,8.7842,12.3457,0.0652
NGC5033,22,4,1.8212,36.5364,0.7158,0.3736,2.428687e+07,6.2841,2.2064,47.7150,52.0791,2.3260
NGC5055,28,4,1.4203,22.6582,0.4602,0.0087,1.089579e+07,7.8858,5.5376,140.9027,146.2315,5.0544
NGC5371,19,4,2.1148,50.0000,0.6680,0.0076,2.513488e+05,200.0000,8.5783,136.6739,140.4516,9.5195
NGC5585,24,4,1.3660,10.8335,0.6068,0.0099,2.291978e+07,2.9362,4.5039,98.0782,102.7904,4.1635
NGC5907,19,4,1.7530,37.8109,0.9906,0.0087,1.434445e+06,21.7849,5.6373,92.5589,96.3367,6.4651
NGC5985,33,4,1.7130,49.6356,0.1000,2.0000,1.590302e+08,4.3913,9.6441,287.6797,293.6657,9.6795
NGC6015,44,4,1.2377,16.2856,1.0734,0.0098,4.360160e+06,10.2945,9.0925,371.7001,378.8368,9.2801
NGC6195,23,4,2.5644,50.0000,0.1000,0.7942,1.820322e+07,8.0507,1.3390,33.4417,37.9837,1.4568
NGC6503,31,4,1.4589,15.2943,0.6634,0.0065,1.978242e+07,3.9406,4.9132,140.6559,146.3919,4.7491
NGC6674,15,4,1.7608,42.7674,1.4048,1.1250,8.174121e+05,34.9072,1.2366,21.6022,24.4344,1.4829
NGC6946,58,4,1.2664,17.2769,0.5762,0.5597,1.801407e+07,4.8586,1.4779,87.8046,96.0464,1.5330
NGC7331,36,4,1.5834,35.5451,0.4717,9.500914e-09,1.037936e+07,9.9984,1.3009,49.6282,55.9623,1.2707
NGC7793,46,4,5.0000,8.5676,0.7341,0.0086,3.431098e+07,1.6299,0.7054,37.6256,44.9401,0.7295
NGC7814,18,4,0.9830,17.9850,1.5000,0.5663,2.507121e+07,6.0401,0.6289,16.8051,20.3666,0.6823
PGC51017,6,4,1.8920,3.7528,0.3122,0.0018,1.417005e+09,0.1000,0.1384,8.2767,7.4438,0.2469
UGC00128,22,4,2.3769,42.1301,1.5000,0.0027,5.833772e+06,7.6020,24.3193,445.7473,450.1115,22.8462
UGC00191,9,4,5.0000,11.1875,1.5000,0.0077,1.090828e+07,2.4476,6.7021,41.5105,42.2994,8.4424
UGC00731,12,4,1.9895,16.2856,1.5000,0.0058,4.565249e+07,1.7258,1.8448,22.7581,24.6978,2.1473
UGC00891,5,4,5.0000,10.1254,0.4949,0.0085,1.039184e+07,2.3857,0.7151,8.7151,7.1529,0.3445
UGC01230,11,4,2.2809,30.7302,0.8800,0.0088,2.859299e+07,3.5462,0.7270,13.0887,14.6802,0.9476
UGC01281,25,4,1.9280,11.5415,0.1000,0.0056,3.862559e+07,1.5932,0.1427,10.9960,15.8715,0.0979
UGC02023,5,4,5.0000,10.9751,0.4559,0.0068,4.521750e+06,199.9999,0.0212,8.0212,6.4590,0.0208
UGC02259,8,4,1.4709,11.4707,1.5000,0.0042,7.539122e+07,1.4887,9.1805,44.7220,45.0397,17.3975
UGC02455,8,4,5.0000,7.0099,0.1000,1.192071e-04,2.682890e+06,200.0000,0.5833,10.3332,10.6510,1.1126
UGC02487,17,4,1.7083,50.0000,1.5000,0.7263,5.018898e+06,16.9733,4.7117,69.2523,72.5852,5.3473
UGC02885,19,4,2.2193,50.0000,0.7875,1.0469,3.042255e+06,19.8824,1.0345,23.5169,27.2947,1.1212
UGC02916,43,4,2.0606,43.5462,0.1000,0.5393,5.655835e+07,4.4889,9.0312,360.2154,367.2602,8.7516
UGC02953,115,4,1.1287,25.1365,0.8101,0.6647,1.213521e+07,10.4274,7.1735,804.2591,815.2388,7.0018
UGC03205,48,4,1.2103,22.5874,0.9059,1.1905,5.104302e+06,12.1715,3.7203,171.6947,179.1795,3.8745
UGC03546,30,4,1.4951,26.8358,0.5987,0.4482,2.717511e+07,5.1296,0.6673,25.3499,30.9547,0.7095
UGC03580,47,4,1.4954,17.2061,0.7729,0.0792,8.909016e+06,6.1177,2.9069,132.9981,140.3987,2.7936
UGC04278,25,4,1.7258,15.6483,1.1576,0.0093,1.132582e+07,6.8974,0.4125,16.6632,21.5387,0.4122
UGC04305,22,4,2.0594,8.2136,0.1000,0.0018,9.636773e+07,0.5468,1.2831,31.0963,35.4605,1.1052
UGC04325,8,4,1.5569,13.1701,0.1000,5.458506e-04,3.079236e+08,0.9954,0.6614,10.6457,10.9634,1.2444
UGC04483,8,4,5.0000,1.2745,0.4760,7.132931e-04,9.121428e+07,0.2708,0.3899,9.5596,9.8774,0.7257
UGC04499,9,4,1.7083,12.2496,0.4332,0.0053,3.811182e+07,1.8363,0.4294,10.1468,10.9357,0.6437
UGC05005,11,4,2.0206,22.6582,0.6345,0.0065,5.083863e+06,6.2921,0.0032,8.0227,9.6143,0.0052
UGC05253,73,4,2.1769,50.0000,0.5943,0.7200,2.265817e+07,7.1773,0.8044,63.5022,72.6641,0.8144
UGC05414,6,4,5.0000,10.4086,0.7092,0.0034,1.904990e+07,1.7428,0.1605,8.3209,7.4879,0.3003
UGC05716,12,4,1.2821,8.0720,1.5000,0.0038,1.753756e+07,2.6028,2.8493,30.7944,32.7340,3.1137
UGC05721,23,4,0.0831,2.6907,0.9592,4.567531e-04,2.502199e+08,1.0303,0.5882,19.1758,23.7178,0.6538
UGC05750,11,4,5.0000,24.4992,0.1000,0.0098,8.216447e+06,3.7187,0.0410,8.2867,9.8783,0.0029
UGC05764,10,4,5.0000,8.2844,0.7165,0.0063,1.805129e+08,0.6157,2.8686,25.2119,26.4222,4.0195
UGC05829,11,4,5.0000,14.0906,1.5000,0.0058,1.220097e+07,2.0693,0.3090,10.1630,11.7546,0.3404
UGC05918,8,4,5.0000,11.7539,1.5000,0.0054,4.113606e+07,0.8873,0.1930,8.7719,9.0897,0.2984
UGC05986,15,4,1.2277,11.8248,0.1000,2.956876e-04,1.397069e+08,1.7837,0.3329,11.6618,14.4940,0.1037
UGC05999,5,4,5.0000,22.7998,0.1000,0.0092,1.330746e+07,3.4638,0.9644,8.9644,7.4022,0.5764
UGC06399,9,4,1.7232,14.5154,0.1000,0.0048,5.952178e+07,1.9438,0.0456,8.2278,9.0167,0.0708
UGC06446,17,4,1.4343,10.5502,1.5000,0.0060,4.989741e+07,1.7982,0.5472,15.1135,18.4464,0.5847
UGC06614,13,4,1.7806,36.1115,0.4280,0.6388,5.209503e+06,12.5418,0.0724,8.6519,10.9117,0.0620
UGC06628,7,4,2.7640,19.9675,0.1000,0.0051,7.433255e+07,0.8348,0.0490,8.1471,7.9308,0.1093
UGC06667,9,4,2.6696,36.4656,1.5000,0.0040,5.902931e+07,1.9285,0.0890,8.4450,9.2339,0.1453
UGC06786,45,4,1.3335,25.4905,0.9483,0.8761,2.370300e+07,6.8077,2.2598,100.6524,107.8790,2.3001
UGC06787,71,4,1.6138,38.0233,1.5000,0.6267,1.449389e+07,9.1387,25.9002,1743.3120,1752.3627,25.7465
UGC06818,8,4,1.5094,9.8422,0.1575,0.0059,1.393862e+07,3.8394,1.2835,13.1339,13.4516,2.4165
UGC06917,11,4,1.7753,19.5427,0.5725,0.0062,4.977882e+07,2.3670,0.3746,10.6220,12.2136,0.4976
UGC06923,6,4,1.4323,10.1962,0.1910,0.0038,8.515335e+07,1.4708,0.5947,9.1895,8.3565,0.9946
UGC06930,10,4,2.1495,27.8979,1.0153,0.0026,1.871074e+07,3.3431,0.6212,11.7273,12.9376,0.8685
UGC06973,9,4,0.3394,7.5763,0.2251,0.0000,1.671270e+08,2.4083,0.7937,11.9683,12.7571,1.2954
UGC06983,17,4,1.9253,22.7290,1.1144,0.0028,3.127545e+07,2.9036,0.5747,15.4716,18.8044,0.6616
UGC07089,12,4,5.0000,16.0024,0.8438,0.0028,3.199323e+06,5.4067,0.1428,9.1420,11.0816,0.1900
UGC07125,13,4,2.4975,23.9327,0.5998,0.0044,6.789437e+06,3.2527,0.3059,10.7532,13.0130,0.3758
UGC07151,11,4,1.3698,8.8509,0.9629,0.0010,5.007238e+07,1.3350,1.2393,16.6748,18.2664,1.5716
UGC07261,7,4,1.3121,8.4968,0.1000,0.0017,1.724204e+08,1.0432,1.0026,11.0079,10.7915,4.5260
UGC07323,10,4,5.0000,16.0024,0.8013,0.0016,9.275110e+06,3.5403,0.2652,9.5914,10.8018,0.3775
UGC07399,10,4,1.3031,11.6123,1.5000,0.0057,1.578990e+08,1.3609,1.3438,16.0627,17.2730,1.9073
UGC07524,31,4,2.3205,24.4992,0.8736,0.0037,2.566545e+07,2.3286,0.1764,12.7623,18.4983,0.1903
UGC07559,7,4,5.0000,4.1068,0.1000,0.0093,3.099791e+07,0.6939,0.0688,8.2064,7.9900,0.1889
UGC07577,9,4,5.0000,6.3726,0.4705,0.0041,1.385879e+06,199.9992,0.1583,8.7915,9.5804,0.2635
UGC07603,12,4,0.6803,3.7528,0.3308,0.0033,1.512475e+08,0.9285,0.2489,9.9908,11.9305,0.3210
UGC07608,8,4,5.0000,10.6210,0.1000,0.0079,4.707956e+07,1.3820,0.1113,8.4453,8.7631,0.1881
UGC07690,7,4,0.8254,4.0360,0.6920,0.0011,1.915777e+08,0.6549,0.2923,8.8769,8.6605,0.8477
UGC07866,7,4,5.0000,4.3192,1.5000,0.0016,4.377607e+06,1.9580,0.0709,8.2128,7.9965,0.1868
UGC08286,17,4,1.0777,7.4347,1.5000,0.0095,5.626149e+07,1.7037,3.7444,56.6766,60.0094,4.0949
UGC08490,30,4,0.6709,4.7441,1.5000,0.0056,4.775111e+07,1.8796,0.2616,14.8007,20.4055,0.2424
UGC08550,11,4,0.5951,3.1863,1.5000,0.0071,3.730912e+07,1.5070,0.4745,11.3215,12.9131,0.6135
UGC08699,41,4,1.3658,21.8793,1.1957,0.5867,9.000012e+06,8.1023,0.8907,40.9564,47.8107,0.8994
UGC08837,8,4,5.0000,12.1788,0.2839,0.0020,7.029796e+06,3.1200,0.3997,9.5987,9.9165,0.7712
UGC09037,22,4,1.8779,30.3054,0.1775,0.0088,2.324943e+07,4.8501,0.9182,24.5278,28.8919,0.9570
UGC09133,68,4,1.9684,49.3524,1.0815,0.4781,2.111661e+06,19.2798,8.5392,554.5063,563.3843,8.3908
UGC09992,5,4,1.9757,7.3639,1.5000,0.0029,7.240025e+07,0.2659,0.0914,8.0914,6.5292,0.0913
UGC10310,7,4,1.7681,12.7452,1.2274,0.0047,3.676594e+07,1.5843,0.1243,8.3728,8.1565,0.3587
UGC11455,36,4,1.6308,41.9885,0.1235,0.0090,9.151613e+07,5.3240,2.6269,92.0622,98.3962,2.5426
UGC11557,12,4,5.0000,19.4719,0.1000,0.0074,2.304635e+07,2.2975,0.4487,11.5894,13.5290,0.4533
UGC11820,10,4,5.0000,14.7278,1.5000,0.0049,4.543745e+06,4.0133,4.9763,37.8575,39.0679,4.9168
UGC11914,65,4,0.6644,17.2769,0.6216,1.0164,2.041729e+07,200.0000,0.4477,35.3104,44.0079,0.3567
UGC12506,31,4,1.9947,50.0000,1.5000,0.0089,8.110890e+06,9.3822,1.3860,45.4225,51.1585,1.4603
UGC12632,15,4,2.0633,17.1353,1.5000,0.0026,2.257738e+07,2.1494,0.2138,10.3518,13.1840,0.2216
UGC12732,16,4,5.0000,14.0198,1.5000,0.0075,8.553022e+06,3.3172,1.4165,24.9977,28.0880,1.1495
UGCA281,7,4,5.0000,12.1788,0.1000,0.0075,3.012378e+08,0.3073,0.1390,8.4169,8.2006,0.3720
UGCA442,8,4,1.5794,8.3552,1.3227,0.0084,2.643258e+07,1.7873,0.7760,11.1038,11.4216,1.5047
UGCA444,36,4,1.6499,5.8770,1.5000,0.0010,4.952349e+07,0.7962,0.2107,14.7439,21.0780,0.2139
