name,T,Rdisk,Vflat,Qual,pointer_chi2,pointer_alpha,pointer_rho0,pointer_r_mem,pointer_r_core,r_last,V_obs_last,f_DM_Rlast,M_halo_Msun,M_bar_Msun,M_ratio,composite_age,r_ratio
CamB,10,0.4700,0.0000,2,0.6438,5.0000,1.038846e+06,200.0000,1.0041,1.7900,20.1000,0.8268,1.284450e+08,5.346000e+07,2.4026,-1.8261,425.5320
D564-8,10,0.6100,0.0000,2,0.0880,5.0000,1.401594e+06,1.0114,0.0534,3.0700,25.0000,0.8943,3.939691e+08,5.507000e+07,7.1540,-2.6736,1.6580
D631-7,10,0.7000,57.7000,1,0.3222,5.0000,2.764751e+06,2.4490,0.8853,7.1900,57.3000,0.9136,5.545498e+09,4.837000e+08,11.4647,-2.3300,3.4990
DDO064,10,0.6900,46.1000,1,0.4676,5.0000,6.455788e+07,0.8072,5.6971,2.9800,46.9000,0.7631,1.394679e+09,3.591300e+08,3.8835,-2.3898,1.1700
DDO154,10,0.3700,47.0000,2,0.8425,5.0000,2.391925e+07,1.3659,11.4865,5.9200,45.5000,0.8725,2.725091e+09,3.922500e+08,6.9473,-2.9148,3.6920
DDO161,10,1.2200,66.3000,1,0.2186,5.0000,2.087241e+06,3.6830,4.4112,13.3700,66.1000,0.7916,1.082587e+10,2.106740e+09,5.1387,-2.2969,3.0190
DDO168,10,1.0200,53.4000,2,5.5412,5.0000,1.014903e+07,1.3764,0.9965,4.1200,52.0000,0.7989,2.716558e+09,6.447900e+08,4.2131,-2.4979,1.3490
DDO170,10,1.9500,60.0000,2,7.1176,0.0000,9.221110e+06,3.7236,34.5378,12.3300,62.2000,0.7524,7.691590e+09,1.249050e+09,6.1580,-2.3228,1.9100
ESO079-G014,4,5.0800,175.0000,1,0.8355,1.4704,3.190559e+07,4.0356,4.9195,16.6700,178.0000,0.8436,1.023051e+11,3.004270e+10,3.4053,1.5841,0.7940
ESO116-G012,7,1.5100,109.1000,1,0.8759,5.0000,1.995403e+07,2.2156,4.7027,9.8600,112.0000,0.7660,2.065672e+10,3.586390e+09,5.7598,-0.0090,1.4670
ESO444-G084,10,0.4600,0.0000,2,3.5893,1.249412e-06,1.041069e+08,1.2897,47.0612,4.4400,62.7000,0.9191,3.751800e+09,2.150500e+08,17.4462,-2.6296,2.8040
ESO563-G021,4,5.4500,314.6000,1,7.0808,5.0000,1.665300e+07,4.8337,0.7907,42.4100,312.0000,0.9244,7.037237e+11,1.879048e+11,3.7451,2.1674,0.8870
F561-1,9,2.7900,50.0000,3,0.0675,5.0000,6.056811e+06,1.4147,1.2288,9.6600,50.4000,0.5667,3.262354e+09,4.195760e+09,0.7775,-0.9648,0.5070
F563-1,9,3.5200,109.9000,1,1.0853,2.169357e-07,3.548289e+07,3.7369,27.1377,20.1000,106.0000,0.8238,4.206044e+10,5.207500e+09,8.0769,-1.8661,1.0620
F563-V1,10,3.7900,0.0000,3,0.4084,5.0000,2.723322e+06,1.1028,1.3144,7.8700,27.3000,0.2920,6.044407e+08,1.581300e+09,0.3822,-1.5558,0.2910
F563-V2,10,2.4300,116.6000,1,0.0806,5.0000,2.470222e+07,1.5135,0.7976,10.4700,118.0000,0.7338,2.033312e+10,4.377770e+09,4.6446,-1.4648,0.6230
F565-V2,10,2.1700,0.0000,2,0.1528,5.0000,2.519840e+06,2.6691,0.2605,8.8000,83.1000,0.8885,1.218693e+10,1.209170e+09,10.0788,-2.3721,1.2300
F567-2,9,3.0800,0.0000,3,0.5720,5.0000,9.415850e+06,1.3465,1.4287,9.5900,52.2000,0.7446,4.023229e+09,4.324170e+09,0.9304,-1.7612,0.4370
F568-1,5,5.1800,0.0000,1,0.1411,1.6611,1.137650e+07,2.4136,0.0100,13.2300,142.0000,0.8726,4.205439e+10,9.108340e+09,4.6171,-0.4997,0.4660
F568-3,7,4.9900,0.0000,1,0.8425,5.0000,6.745605e+06,2.8204,1.3027,17.9800,120.0000,0.8777,3.704306e+10,8.422350e+09,4.3982,-0.4425,0.5650
F568-V1,7,2.8500,112.3000,1,0.2228,1.584764e-07,7.432678e+07,2.5762,49.3864,17.6300,118.0000,0.7886,3.087448e+10,5.225530e+09,5.9084,-0.7707,0.9040
F571-8,5,3.5600,139.7000,1,0.3564,3.912556e-07,5.132466e+07,4.3175,21.4585,15.5500,144.0000,0.9740,7.241682e+10,7.452060e+09,9.7177,1.2702,1.2130
F571-V1,7,2.4700,83.6000,2,0.1196,5.0000,1.060213e+06,3.4340,0.1072,13.5900,83.9000,0.8151,1.780888e+10,2.543110e+09,7.0028,-1.1205,1.3900
F574-1,7,4.4600,97.8000,1,0.2630,4.498326e-07,4.964475e+07,2.7151,47.6704,12.6000,99.7000,0.7616,2.101881e+10,7.955420e+09,2.6421,-0.5887,0.6090
F574-2,9,3.7600,0.0000,3,0.0423,0.0399,3.578542e+06,2.6205,0.0100,10.8300,40.0000,0.4216,1.580173e+09,3.700830e+09,0.4270,-1.4217,0.6970
F579-V1,5,3.3700,112.1000,1,0.6552,4.589373e-06,2.509572e+08,1.0889,43.3946,15.1600,114.0000,0.4496,8.141530e+09,8.909850e+09,0.9138,0.5169,0.3230
F583-1,9,2.3600,85.8000,1,0.1465,0.6135,7.626643e+06,2.8719,0.0100,16.2600,85.8000,0.7836,2.085371e+10,3.320580e+09,6.2801,-2.1410,1.2170
F583-4,5,1.9300,0.0000,1,0.3532,3.898342e-06,4.356514e+06,9.3277,30.8040,7.2900,69.9000,0.5325,3.981414e+09,1.710030e+09,2.3283,-0.3858,4.8330
IC2574,9,2.7800,66.4000,2,2.4236,1.125219e-07,3.399354e+06,12.0695,46.4998,10.2300,67.5000,0.7441,8.187656e+09,1.885880e+09,4.3416,-1.7670,4.3420
IC4202,4,4.7800,242.6000,1,5.8455,6.088352e-07,2.479655e+08,3.4186,40.0633,25.9000,247.0000,0.8950,2.442245e+11,1.062681e+11,2.2982,2.0615,0.7150
KK98-251,10,1.3400,33.7000,2,0.3216,5.0000,6.808261e+06,1.1372,1.4384,3.1300,34.2000,0.7276,6.753101e+08,1.954500e+08,3.4552,-2.7354,0.8490
NGC0024,5,1.3400,106.3000,1,1.3961,5.120922e-08,5.361693e+07,2.6815,39.8485,11.2700,110.0000,0.7664,2.053036e+10,2.843580e+09,7.2199,0.6079,2.0010
NGC0055,9,6.1100,85.6000,2,0.1528,5.0000,5.629658e+06,2.9730,4.5745,13.5000,86.5000,0.7182,1.701728e+10,4.395450e+09,3.8716,-0.6100,0.4870
NGC0100,6,1.6600,88.1000,1,0.1150,5.0000,1.853212e+06,2.8738,0.1290,9.6200,91.2000,0.8219,1.407126e+10,4.262700e+09,3.3010,-0.4010,1.7310
NGC0247,7,3.7400,104.9000,2,4.5954,1.315973e-07,2.010872e+07,2.7864,45.8101,14.5400,107.0000,0.5770,9.758979e+09,5.988180e+09,1.6297,-0.1569,0.7450
NGC0289,4,6.7400,163.0000,2,2.1493,7.032545e-07,4.983340e+06,14.0640,49.0880,71.1200,165.0000,0.7570,3.066170e+11,7.256627e+10,4.2253,1.6788,2.0870
NGC0300,7,1.7500,93.3000,2,0.5357,7.997601e-07,1.887071e+07,4.3238,45.1495,11.8000,93.5000,0.7832,1.968567e+10,2.705880e+09,7.2751,-0.0526,2.4710
NGC0801,5,8.7200,220.1000,1,8.0850,2.719992e-07,1.905577e+06,26.7025,44.0277,59.8200,216.0000,0.5490,3.538473e+11,1.871423e+11,1.8908,2.1894,3.0620
NGC0891,3,2.5500,216.1000,1,0.6454,5.499606e-08,1.824815e+08,3.1469,28.1260,17.1100,208.0000,0.7817,1.297231e+11,7.510446e+10,1.7272,2.6956,1.2340
NGC1003,6,1.6100,109.8000,1,3.1890,1.274330e-09,5.218059e+06,9.8928,9.7932,30.2400,115.0000,0.8178,7.483835e+10,1.123040e+10,6.6639,-0.1920,6.1450
NGC1090,4,3.5300,164.4000,1,2.9150,9.219260e-07,9.467272e+06,8.8203,47.7967,30.0900,160.0000,0.6025,1.081633e+11,4.770389e+10,2.2674,1.6470,2.4990
NGC1705,11,0.3900,71.9000,3,0.3723,4.102011e-07,1.504567e+08,1.1421,35.8675,6.0000,71.5000,0.8491,5.042481e+09,4.513700e+08,11.1715,-0.7397,2.9280
NGC2366,10,0.6500,50.2000,3,0.2395,5.0000,2.707227e+07,1.0253,3.5989,6.0600,49.4000,0.7118,2.562373e+09,9.785100e+08,2.6186,-2.3625,1.5770
NGC2403,6,1.3900,131.2000,1,14.9465,5.506160e-07,3.004559e+07,4.4264,24.2329,20.8700,134.0000,0.8150,5.561207e+10,9.275170e+09,5.9958,0.5994,3.1840
NGC2683,3,2.1800,154.0000,2,1.6214,3.862240e-07,2.522064e+07,5.6941,45.9422,34.6200,151.0000,0.6844,1.101793e+11,4.207748e+10,2.6185,2.5420,2.6120
NGC2841,3,3.6400,284.8000,1,2.1124,0.0000,7.669888e+06,18.6499,1.5858,63.6400,294.0000,0.7590,8.285745e+11,1.070612e+11,7.7393,2.5517,5.1240
NGC2903,4,2.3300,184.6000,1,9.1804,0.0000,5.757549e+07,4.5684,11.6242,24.9600,180.0000,0.7754,1.254578e+11,4.432566e+10,2.8304,2.1605,1.9610
NGC2915,11,0.5500,83.5000,2,0.6389,8.710749e-07,1.230506e+08,1.6571,45.2846,10.0400,86.5000,0.9434,1.323572e+10,9.961400e+08,13.2870,-1.2212,3.0130
NGC2955,3,18.7600,0.0000,1,2.4374,5.0000,1.578625e+07,4.9103,5.4392,35.4300,227.0000,0.6734,3.213306e+11,1.982132e+11,1.6211,2.5395,0.2620
NGC2976,5,1.0100,85.4000,2,0.3229,5.0000,1.219192e+07,1.2031,0.0899,2.2700,85.3000,0.5596,2.358528e+09,1.914260e+09,1.2321,1.0961,1.1910
NGC2998,5,6.2000,209.9000,1,3.5523,5.0000,1.416063e+06,11.3915,12.8771,42.2800,203.0000,0.5354,2.299426e+11,1.066408e+11,2.1562,1.6897,1.8370
NGC3109,9,1.5600,66.2000,1,0.2000,2.9504,2.488450e+07,2.6423,49.9984,6.4500,67.3000,0.9133,6.274384e+09,7.314100e+08,8.5785,-2.4916,1.6940
NGC3198,5,3.1400,150.1000,1,2.5150,1.120749e-09,9.501860e+06,9.0064,10.7767,44.0800,149.0000,0.7570,1.511125e+11,3.359527e+10,4.4980,0.9037,2.8680
NGC3521,4,2.4000,213.7000,1,0.1771,5.0000,5.505447e+06,5.9826,4.4956,17.7400,206.0000,0.6577,1.171338e+11,4.794282e+10,2.4432,2.4642,2.4930
NGC3726,5,3.4000,168.0000,2,2.8915,4.768441e-08,2.427005e+06,30.2399,19.0863,32.5200,167.0000,0.7171,1.597022e+11,4.372609e+10,3.6523,1.4468,8.8940
NGC3741,10,0.2000,50.1000,1,0.5354,9.782167e-07,2.228893e+07,2.2387,42.9334,7.0000,51.6000,0.9235,3.800000e+09,2.560600e+08,14.8403,-2.8564,11.1930
NGC3769,3,3.3800,118.6000,2,1.7600,6.506258e-08,1.683204e+07,5.9281,36.2854,37.1600,113.0000,0.8334,8.363338e+10,1.669307e+10,5.0101,1.4398,1.7540
NGC3877,5,2.5300,168.4000,2,1.1709,5.0000,1.934376e+07,1.9696,0.2006,11.3500,169.0000,0.8418,5.811911e+10,3.823989e+10,1.5199,1.9869,0.7780
NGC3893,5,2.3800,174.0000,1,0.6026,2.257261e-08,8.111945e+07,3.5988,27.2851,19.0500,167.0000,0.6935,8.533307e+10,3.697517e+10,2.3078,1.9755,1.5120
NGC3917,6,2.6300,135.9000,1,0.7364,5.0000,6.147811e+06,2.6784,0.1542,14.8600,137.0000,0.9045,5.314727e+10,1.349404e+10,3.9386,0.9063,1.0180
NGC3949,4,3.5900,163.0000,2,1.3749,5.0000,4.077637e+06,200.0000,6.8666,7.0700,169.0000,0.4572,2.247030e+10,2.351693e+10,0.9555,1.9797,55.7100
NGC3953,4,4.8900,220.8000,1,1.7645,5.0000,3.053300e+05,199.9999,23.3285,15.6800,215.0000,0.1151,1.401453e+10,7.441706e+10,0.1883,2.2854,40.9000
NGC3972,4,2.1800,132.7000,1,1.3745,3.461247e-07,1.205911e+08,2.4467,48.2962,8.7200,134.0000,0.9020,3.066569e+10,8.791120e+09,3.4883,1.2758,1.1220
NGC3992,4,4.9600,241.0000,1,2.0916,5.0000,8.992275e+05,19.8206,30.4362,46.0200,237.0000,0.5024,3.122323e+11,1.355427e+11,2.3036,2.0704,3.9960
NGC4010,7,2.8100,125.8000,2,1.5953,5.0000,5.486943e+07,2.4244,22.3236,10.4700,122.0000,0.8689,3.338205e+10,1.236306e+10,2.7001,-0.0797,0.8630
NGC4013,3,3.5300,172.9000,2,0.8011,0.0000,5.551861e+06,15.6527,45.1422,31.0100,170.0000,0.7106,1.702819e+11,4.349311e+10,3.9151,2.3506,4.4340
NGC4051,4,4.6500,157.0000,2,1.4329,5.0000,3.504918e+07,1.8180,3.2951,12.1900,153.0000,0.4737,2.772338e+10,5.122101e+10,0.5413,2.0082,0.3910
NGC4068,10,0.5900,0.0000,2,0.2532,5.0000,9.515578e+06,1.0284,0.7549,2.3300,41.9000,0.7462,6.521365e+08,3.228200e+08,2.0201,-1.8428,1.7430
NGC4085,5,1.6500,131.5000,2,2.1771,5.0000,4.709531e+07,1.4315,1.0380,6.2000,136.0000,0.8615,2.212042e+10,1.265617e+10,1.7478,1.7152,0.8680
NGC4088,4,2.5800,171.7000,1,0.7336,3.048466e-07,3.399286e+06,30.8446,38.4412,21.4800,174.0000,0.5797,8.449903e+10,6.458358e+10,1.3084,1.9806,11.9550
NGC4100,4,2.1500,158.2000,1,0.4293,1.272906e-07,2.251759e+08,2.6977,47.5702,22.7600,159.0000,0.9104,1.100243e+11,3.382266e+10,3.2530,1.8915,1.2550
NGC4138,0,1.5100,147.3000,2,1.5580,2.702436e-07,2.819477e+08,1.9429,26.9474,18.5800,150.0000,0.7878,5.176394e+10,2.402789e+10,2.1543,3.0277,1.2870
NGC4157,3,2.3200,184.7000,1,0.2480,1.8194,5.679569e+06,11.6719,49.9994,29.6100,185.0000,0.6911,1.661801e+11,6.375058e+10,2.6067,2.3192,5.0310
NGC4183,6,2.7900,110.6000,1,0.5394,8.028635e-07,3.853639e+06,9.7503,49.8396,21.0200,113.0000,0.6100,3.280645e+10,1.008198e+10,3.2540,0.2212,3.4950
NGC4214,10,0.5100,80.1000,2,1.0373,5.0000,1.699697e+07,1.4862,1.3951,5.6300,80.6000,0.7865,6.890424e+09,1.216880e+09,5.6624,-0.6305,2.9140
NGC4217,3,2.9400,181.3000,1,0.7313,5.0000,1.175971e+07,2.5671,0.1315,16.7200,178.0000,0.8805,9.742563e+10,4.605696e+10,2.1153,2.2687,0.8730
NGC4389,4,2.7900,0.0000,3,0.8717,5.0000,3.423170e+06,4.8541,0.4690,5.3200,110.0000,0.7975,1.143102e+10,1.138087e+10,1.0044,1.6032,1.7400
NGC4559,6,2.1000,121.2000,1,0.1585,5.0000,4.938715e+06,4.4990,8.9495,20.9700,119.0000,0.6260,4.614183e+10,1.741713e+10,2.6492,0.6210,2.1420
NGC5005,4,9.4500,262.2000,1,0.0652,1.140998e-06,2.168160e+07,10.7252,42.7262,11.4700,265.0000,0.3569,6.286339e+10,9.106240e+10,0.6903,2.6919,1.1350
NGC5033,5,5.1600,194.2000,1,2.3260,4.163718e-07,2.948759e+07,7.1347,49.1998,44.5900,196.0000,0.7742,2.552418e+11,7.030212e+10,3.6306,2.1641,1.3830
NGC5055,4,3.2000,179.0000,1,5.0544,1.110687e-08,1.402685e+07,9.1901,12.1691,54.5900,172.0000,0.7583,2.559272e+11,9.205126e+10,2.7803,2.3613,2.8720
NGC5371,4,7.4400,209.5000,1,9.5195,5.0000,1.201607e+05,200.0000,33.3874,46.2400,213.0000,0.4615,1.876824e+11,1.850659e+11,1.0141,2.4007,26.8820
NGC5585,7,1.5300,90.3000,1,4.1635,5.0000,6.299584e+06,2.4999,1.7342,10.9600,89.4000,0.7695,1.625769e+10,3.709890e+09,4.3823,-0.4624,1.6340
NGC5907,5,5.3400,215.0000,1,6.4651,5.0000,5.013948e+05,19.8415,14.1466,50.3300,214.0000,0.5648,3.086983e+11,1.156758e+11,2.6687,1.7848,3.7160
NGC5985,3,7.0100,293.6000,1,9.6795,9.425562e-08,1.656394e+08,4.8647,31.7330,34.7200,285.0000,0.9011,4.664535e+11,1.197734e+11,3.8945,2.2163,0.6940
NGC6015,6,2.3000,154.1000,2,9.2801,5.0000,1.719942e+06,8.9402,9.0743,29.2300,152.0000,0.7068,1.211636e+11,2.382372e+10,5.0858,1.0549,3.8870
NGC6195,3,13.9400,251.7000,1,1.4568,5.0000,4.462040e+06,7.5465,4.8550,36.4300,246.0000,0.7049,3.538467e+11,2.233443e+11,1.5843,2.5895,0.5410
NGC6503,6,2.1600,116.3000,1,4.7491,0.0000,2.398890e+07,4.5562,42.5481,23.5000,115.0000,0.8343,5.063944e+10,8.742020e+09,5.7926,1.2147,2.1090
NGC6674,3,6.0400,241.3000,1,1.4829,3.481607e-07,1.221938e+06,50.8623,42.0803,72.4100,242.0000,0.6587,6.960262e+11,1.501064e+11,4.6369,2.1582,8.4210
NGC6946,6,2.4400,158.9000,1,1.5330,1.292754e-06,2.162037e+07,5.6009,2.2884,20.4000,154.0000,0.5896,6.727498e+10,4.062760e+10,1.6559,1.5796,2.2950
NGC7331,3,5.0200,239.0000,1,1.2707,0.0000,1.233698e+07,12.1308,32.7830,36.3100,238.0000,0.7100,3.184208e+11,1.400346e+11,2.2739,2.8921,2.4160
NGC7793,7,1.2100,0.0000,1,0.7295,5.0000,1.772129e+07,1.6304,2.6246,7.8700,90.8000,0.4755,9.065821e+09,4.670130e+09,1.9412,0.6217,1.3470
NGC7814,2,2.5400,218.9000,1,0.6823,4.000600e-07,2.804830e+07,7.0657,49.9432,19.5300,214.0000,0.6563,1.297855e+11,3.868760e+10,3.3547,2.9534,2.7820
PGC51017,11,0.5300,18.6000,3,0.2469,2.535167e-07,1.566347e+09,0.1000,44.2508,3.6300,18.3000,0.1959,3.936659e+07,3.448300e+08,0.1142,-2.5914,0.1890
UGC00128,8,5.9500,129.3000,1,22.8462,0.0000,6.996990e+06,9.1849,33.7133,53.7500,125.0000,0.8239,1.268711e+11,1.589323e+10,7.9827,-0.8148,1.5440
UGC00191,9,1.5800,0.0000,1,8.4424,2.404161e-07,1.725205e+07,3.3495,40.8947,9.9800,83.8500,0.6206,9.323310e+09,2.788190e+09,3.3439,-1.1216,2.1200
UGC00731,10,2.3000,73.3000,1,2.1473,9.322244e-07,4.834065e+07,1.9742,42.7359,10.9100,73.9000,0.7208,8.537567e+09,2.564810e+09,3.3287,-2.5015,0.8580
UGC00891,9,1.4300,0.0000,2,0.3445,2.179798e-07,1.793045e+07,3.2571,40.5519,7.3900,63.7500,0.8846,6.161355e+09,7.562400e+08,8.1474,-1.9591,2.2780
UGC01230,9,4.3400,103.7000,1,0.9476,0.0000,3.614405e+07,3.9389,36.3750,36.5400,103.0000,0.7948,5.523637e+10,1.236190e+10,4.4683,-1.1234,0.9080
UGC01281,8,1.6300,55.2000,1,0.0979,5.0000,1.368516e+07,1.2668,1.3863,4.9900,56.9000,0.8604,3.323014e+09,5.675200e+08,5.8553,-1.7536,0.7770
UGC02023,10,1.5500,0.0000,2,0.0208,5.0000,3.570054e+06,199.9999,7.0272,3.7800,58.8000,0.7047,2.133109e+09,1.288410e+09,1.6556,-1.2562,129.0320
UGC02259,8,1.6200,86.2000,2,17.3975,3.071406e-07,8.006009e+07,1.6748,30.6725,8.1400,90.0000,0.7101,8.157690e+09,1.519520e+09,5.3686,-0.5984,1.0340
UGC02455,10,0.9900,0.0000,3,1.1126,5.0000,1.809318e+06,200.0000,3.3829,4.0300,61.0000,0.6476,2.027097e+09,2.892490e+09,0.7008,-0.2078,202.0200
UGC02487,0,7.8900,332.0000,1,5.3473,1.051277e-07,6.550693e+06,20.5654,31.2044,80.3800,333.0000,0.6541,1.071390e+12,2.688683e+11,3.9848,3.2515,2.6070
UGC02885,5,11.4000,289.5000,1,1.1212,0.0000,4.681349e+06,24.7168,6.1492,74.0700,298.0000,0.6851,1.023461e+12,2.550622e+11,4.0126,1.9831,2.1680
UGC02916,2,6.1500,182.7000,2,8.7516,5.0000,1.670505e+07,3.8712,4.2361,38.0000,181.0000,0.6872,1.738344e+11,9.302959e+10,1.8686,2.5538,0.6290
UGC02953,2,3.5500,264.9000,2,7.0018,4.087797e-08,1.518872e+07,12.1394,24.7234,62.3900,272.0000,0.7947,6.054658e+11,1.399707e+11,4.3257,2.9866,3.4200
UGC03205,2,3.1900,219.6000,1,3.8745,0.0000,6.528094e+06,15.0427,45.1081,40.0400,220.0000,0.7177,2.775414e+11,6.969141e+10,3.9824,2.3807,4.7160
UGC03546,1,3.7900,196.9000,1,0.7095,0.0000,3.169661e+07,5.8417,0.0111,29.2300,193.0000,0.7538,1.390599e+11,5.422575e+10,2.5645,3.1089,1.5410
UGC03580,1,2.4300,126.2000,2,2.7936,1.832021e-08,1.107189e+07,7.4321,9.1645,27.0600,124.0000,0.8377,8.047120e+10,1.244510e+10,6.4661,1.6619,3.0580
UGC04278,7,2.2100,91.4000,1,0.4122,5.0000,3.801612e+06,4.7213,2.8527,6.6900,92.8000,0.6524,9.796929e+09,2.137780e+09,4.5828,-1.0824,2.1360
UGC04305,10,1.1600,34.5000,3,1.1052,5.0000,2.766434e+07,0.4684,0.4920,5.5200,33.0000,0.2497,5.222181e+08,1.285700e+09,0.4062,-1.5225,0.4040
UGC04325,9,1.8600,90.9000,1,1.2444,2.314403e-06,3.157096e+08,1.0857,38.4312,5.5900,91.5000,0.8731,9.010820e+09,1.914740e+09,4.7060,-0.8476,0.5840
UGC04483,10,0.1800,0.0000,2,0.7257,3.949910e-05,1.795171e+08,0.3341,26.9705,1.2100,24.2000,0.7302,1.179654e+08,4.906000e+07,2.4045,-2.9240,1.8560
UGC04499,8,1.7300,72.8000,1,0.6437,4.032656e-07,4.356681e+07,2.0912,42.2946,8.1800,74.3000,0.7373,7.496426e+09,2.239000e+09,3.3481,-1.1379,1.2090
UGC05005,10,3.2000,98.9000,1,0.0052,5.0000,4.816354e+05,6.7189,0.4853,28.6100,99.1000,0.7940,5.254445e+10,6.163690e+09,8.5248,-1.3968,2.1000
UGC05253,2,8.0700,213.7000,2,0.8144,8.242152e-08,2.761511e+07,8.1745,40.8326,53.2900,218.0000,0.7635,3.630324e+11,1.075977e+11,3.3740,2.6948,1.0130
UGC05414,10,1.4700,0.0000,1,0.3003,3.413652e-06,2.804050e+07,2.3901,39.2448,4.1100,61.4000,0.6700,2.385927e+09,1.324920e+09,1.8008,-1.3973,1.6260
UGC05716,9,1.1400,73.1000,2,3.1137,2.853455e-07,2.032864e+07,3.1053,44.1474,12.3700,74.7000,0.8039,1.161910e+10,1.749020e+09,6.6432,-1.9433,2.7240
UGC05721,7,0.3800,79.7000,1,0.6538,1.296093e-06,2.534372e+08,1.0470,48.0841,6.7400,79.5000,0.8523,6.981269e+09,1.012960e+09,6.8919,-0.8102,2.7550
UGC05750,8,3.4600,0.0000,1,0.0029,5.0000,2.156365e+06,3.6392,1.6616,22.8500,78.9000,0.7692,2.542656e+10,3.129670e+09,8.1244,-1.0739,1.0520
UGC05764,10,1.1700,0.0000,2,4.0195,2.605050e-05,2.205740e+08,0.7432,45.6674,3.6200,49.9000,0.8402,1.966352e+09,2.592900e+08,7.5836,-2.8095,0.6350
UGC05829,10,1.9900,0.0000,2,0.3404,1.084374e-07,1.494892e+07,2.9779,43.0229,6.9100,68.6000,0.6152,4.061650e+09,1.642590e+09,2.4727,-2.3842,1.4960
UGC05918,10,1.6600,0.0000,2,0.2984,4.638801e-07,5.810737e+07,1.1035,49.5917,4.4600,44.5000,0.8086,1.507145e+09,5.115100e+08,2.9465,-2.6236,0.6650
UGC05986,9,1.6700,113.0000,2,0.1037,5.0000,6.377571e+07,1.5600,5.0289,9.4100,107.0000,0.8588,2.248359e+10,5.894610e+09,3.8143,-0.7571,0.9340
UGC05999,10,3.2200,0.0000,2,0.5764,5.0000,4.681061e+06,3.3617,2.7458,16.2200,100.0000,0.7683,2.941620e+10,4.381260e+09,6.7141,-1.3565,1.0440
UGC06399,9,2.0500,85.0000,1,0.0708,0.0997,4.335166e+07,2.1472,0.0100,7.8500,87.6000,0.8914,1.219774e+10,2.044420e+09,5.9664,-0.8440,1.0470
UGC06446,7,1.4900,82.2000,1,0.5847,2.735475e-07,5.400533e+07,2.0646,46.9362,10.2200,80.1000,0.7202,1.040480e+10,2.328070e+09,4.4693,-1.3162,1.3860
UGC06614,1,5.1000,199.8000,1,0.0620,6.601896e-10,7.956034e+06,14.3447,1.1281,64.5900,204.0000,0.8159,4.879451e+11,9.128604e+10,5.3452,2.6066,2.8130
UGC06628,9,2.8200,41.8000,2,0.1093,5.0000,2.265431e+07,0.7148,0.9288,7.6900,42.3000,0.3272,1.369881e+09,3.864500e+09,0.3545,-0.8587,0.2530
UGC06667,6,5.1500,83.8000,1,0.1453,5.565846e-07,6.128627e+07,2.1681,46.9089,7.8500,85.7000,0.8255,1.100260e+10,1.774470e+09,6.2005,-0.8968,0.4210
UGC06786,0,3.6000,219.4000,1,2.3001,1.123865e-07,2.839019e+07,7.8512,45.5595,34.0500,211.0000,0.7833,2.787526e+11,4.339340e+10,6.4238,2.8335,2.1810
UGC06787,2,5.3700,248.1000,2,25.7465,1.004274e-07,1.635784e+07,11.1433,31.5242,37.1900,255.0000,0.7833,3.686461e+11,5.581790e+10,6.6044,2.7822,2.0750
UGC06818,9,1.3900,71.2000,2,2.4165,5.0000,5.217639e+06,3.1830,3.2594,6.9800,74.4000,0.8663,8.356806e+09,2.229070e+09,3.7490,-1.1426,2.2900
UGC06917,9,2.7600,108.7000,1,0.4976,5.131251e-07,5.511639e+07,2.6795,38.4672,10.4700,111.0000,0.7324,1.993354e+10,6.106590e+09,3.2643,-0.4810,0.9710
UGC06923,10,1.4400,79.6000,2,0.9946,5.0000,2.553860e+07,1.2835,1.7486,5.1600,81.1000,0.7294,5.891565e+09,2.520970e+09,2.3370,-0.4749,0.8910
UGC06930,7,3.9400,107.2000,1,0.8685,1.125599e-07,2.339486e+07,3.7133,49.8182,16.6100,108.0000,0.6499,2.478701e+10,8.771210e+09,2.8260,-0.0847,0.9420
UGC06973,2,1.0700,174.2000,3,1.2954,1.321225e-07,1.728766e+08,2.5601,26.0833,7.8500,180.0000,0.7839,4.312194e+10,2.926649e+10,1.4734,2.8832,2.3930
UGC06983,6,3.2100,109.0000,1,0.6616,0.0000,3.534439e+07,3.3049,48.2473,15.6800,109.0000,0.7199,2.732313e+10,6.595110e+09,4.1429,-0.3134,1.0300
UGC07089,8,2.2600,0.0000,2,0.1900,4.9999,4.628342e+06,5.9154,43.1986,9.1600,79.1000,0.6226,8.197272e+09,3.407120e+09,2.4059,-0.5955,2.6170
UGC07125,9,3.3800,65.2000,1,0.3758,5.541452e-08,8.371938e+06,3.7667,10.3302,18.6800,64.9000,0.6296,9.803960e+09,7.512570e+09,1.3050,-1.6099,1.1140
UGC07151,6,1.2500,73.5000,1,1.5716,5.0000,5.678404e+06,1.2241,0.2138,5.5000,76.2000,0.4608,3.008852e+09,1.961280e+09,1.5341,-0.0367,0.9790
UGC07261,8,1.2000,74.7000,2,4.5260,9.465388e-06,7.352232e+06,7.8281,36.7402,6.6700,76.1000,0.5264,4.892660e+09,2.722540e+09,1.7971,-1.1234,6.5230
UGC07323,8,2.2600,0.0000,1,0.3775,5.0000,3.609608e+06,3.4074,2.7914,5.8200,85.6000,0.4564,4.659757e+09,3.014760e+09,1.5456,-0.1536,1.5080
UGC07399,8,1.6400,103.0000,1,1.9073,0.0000,1.631030e+08,1.5156,34.5065,6.1300,106.0000,0.8132,1.096546e+10,1.568850e+09,6.9895,-0.8090,0.9240
UGC07524,9,3.4600,79.5000,1,0.1903,3.6203,2.641135e+07,2.3676,49.9997,10.6900,79.0000,0.6070,1.010254e+10,3.584070e+09,2.8187,-1.2710,0.6840
UGC07559,10,0.5800,0.0000,2,0.1889,5.0000,2.387462e+07,0.6565,2.0165,2.5300,32.1000,0.7142,4.527317e+08,2.792700e+08,1.6211,-2.5058,1.1320
UGC07577,10,0.9000,0.0000,2,0.2635,5.0000,1.149301e+06,199.9994,4.3629,1.6900,17.8000,0.5230,5.232215e+07,8.102000e+07,0.6458,-2.6124,222.2220
UGC07603,7,0.5300,61.6000,1,0.3210,1.240530e-06,1.652582e+08,1.0061,24.8066,4.1100,64.0000,0.8979,3.274549e+09,5.311400e+08,6.1651,-0.9807,1.8980
UGC07608,10,1.5000,0.0000,1,0.1881,5.0000,3.901417e+06,1.5235,0.0460,4.7800,69.3000,0.8734,4.484219e+09,8.435500e+08,5.3159,-2.4435,1.0160
UGC07690,10,0.5700,57.4000,2,0.8477,1.360232e-06,2.097745e+08,0.6998,43.7787,4.1300,55.9000,0.6304,1.686883e+09,9.477000e+08,1.7800,-0.9092,1.2280
UGC07866,10,0.6100,0.0000,2,0.1868,6.789019e-06,6.065962e+06,7.4290,39.5093,2.3200,33.1000,0.4463,2.515028e+08,2.189400e+08,1.1487,-2.2309,12.1790
UGC08286,6,1.0500,82.4000,1,4.0949,5.317111e-07,6.096891e+07,1.9435,41.3454,8.0400,84.3000,0.7437,8.787813e+09,1.481360e+09,5.9323,-0.6382,1.8510
UGC08490,9,0.6700,78.6000,1,0.2424,8.925610e-08,5.291369e+07,2.1012,32.9459,10.1500,77.6000,0.8061,1.061349e+10,1.466100e+09,7.2393,-1.0237,3.1360
UGC08550,7,0.4500,56.9000,1,0.6135,4.263765e-06,4.069209e+07,1.7103,48.0103,5.3600,57.5000,0.7431,3.101372e+09,5.275400e+08,5.8789,-1.3656,3.8010
UGC08699,2,3.0900,182.4000,2,0.8994,0.0000,1.085751e+07,9.9505,8.1629,25.7000,183.0000,0.6936,1.283048e+11,3.012254e+10,4.2594,2.6224,3.2200
UGC08837,10,1.7200,0.0000,2,0.7712,5.0000,2.696330e+06,3.0219,2.1045,4.2000,48.0000,0.6542,1.609669e+09,6.761000e+08,2.3808,-1.8691,1.7570
UGC09037,6,4.2800,152.3000,2,0.9570,5.036719e-08,2.758558e+07,5.5576,24.0858,27.9600,152.0000,0.7355,1.044811e+11,5.968074e+10,1.7507,1.0322,1.2980
UGC09133,2,6.9700,226.8000,1,8.3908,6.147228e-08,3.163221e+06,23.1616,27.9677,108.3100,229.0000,0.7561,8.349979e+11,1.859222e+11,4.4911,2.6927,3.3230
UGC09992,10,1.0400,33.6000,2,0.0913,8.169754e-05,7.255077e+07,0.2831,47.4081,3.8900,34.3000,0.1183,4.137268e+07,5.909400e+08,0.0700,-2.0562,0.2720
UGC10310,9,1.8000,71.4000,1,0.3587,3.245770e-07,4.055130e+07,1.8028,35.9241,7.7400,73.2000,0.5429,4.787794e+09,2.461180e+09,1.9453,-1.3215,1.0020
UGC11455,6,5.9300,269.4000,1,2.5426,0.0000,1.033962e+08,5.9320,44.8061,41.9300,266.0000,0.9063,5.271702e+11,2.048966e+11,2.5729,2.0724,1.0000
UGC11557,8,2.7500,0.0000,2,0.4533,5.0000,6.494497e+06,2.1753,1.3205,10.5600,84.5000,0.7566,1.270601e+10,9.515150e+09,1.3353,0.1355,0.7910
UGC11820,9,2.0800,0.0000,1,4.9168,1.341584e-07,7.550047e+06,5.7720,38.5631,15.8200,84.4500,0.7637,1.884023e+10,3.114410e+09,6.0494,-1.9615,2.7750
UGC11914,2,2.4400,288.1000,1,0.3567,5.0000,6.532456e+06,200.0000,9.5890,9.8300,305.0000,0.4599,9.548900e+10,7.619504e+10,1.2532,3.0907,81.9670
UGC12506,6,7.3800,234.0000,2,1.4603,1.224469e-07,9.556879e+06,11.0761,33.6692,49.9900,225.0000,0.4637,2.702109e+11,1.170750e+11,2.3080,0.9737,1.5010
UGC12632,9,2.4200,71.7000,1,0.2216,8.719111e-08,2.442576e+07,2.5063,40.5689,10.6600,73.1000,0.6148,7.700155e+09,2.970020e+09,2.5926,-1.8827,1.0360
UGC12732,9,1.9800,0.0000,1,1.1495,5.401073e-09,1.372608e+07,4.5900,17.9502,15.4000,98.0000,0.7229,2.173436e+10,5.701300e+09,3.8122,-1.7970,2.3180
UGCA281,11,1.7200,0.0000,3,0.3720,5.0000,2.666002e+08,0.2632,2.8114,1.0800,29.5000,0.8530,1.848119e+08,1.794600e+08,1.0298,-1.9640,0.1530
UGCA442,9,1.1800,56.4000,1,1.5047,1.924971e-07,3.346293e+07,2.0179,48.6890,6.3300,56.5000,0.8901,4.193004e+09,4.197900e+08,9.9883,-2.5908,1.7100
UGCA444,10,0.8300,37.0000,2,0.2139,1.336036e-06,5.135685e+07,0.9354,46.3472,2.6200,38.3000,0.8418,5.606576e+08,9.511000e+07,5.8948,-3.3622,1.1270
